Nu,P,um,Fluid,SAT,Q,Re,dd,H,dn,Pr,At,mio,k,rho
188.4357911,200000,13,Water,Pressure,0.048464,107.9070346,0.00222654,0.05,0.045,7,0.002,0.001,0.6,1000
226.1768964,400000,18.38477631,Water,Pressure,0.0591102,104.5884057,0.00176938,0.05,0.045,7,0.002,0.001,0.6,1000
179,195000,11.84905059,Water,Pressure,0.048464,102,0.002104655,0.05,0.0445,7,0.002,0.001,0.6,1000
213,395000,16.86416319,Water,Pressure,0.0591102,99,0.001674838,0.05,0.0445,7,0.002,0.001,0.6,1000
228.7506058,600000,22.5166605,Water,Pressure,0.0700742,97.67642738,0.0013939,0.05,0.045,7,0.002,0.001,0.6,1000
172,190000,11.69615321,Water,Pressure,0.048464,97,0.002001486,0.05,0.044,7,0.002,0.001,0.6,1000
200,390000,16.75708805,Water,Pressure,0.0591102,94,0.00159025,0.05,0.044,7,0.002,0.001,0.6,1000
215,595000,20.69782597,Water,Pressure,0.0700742,92,0.001312894,0.05,0.0445,7,0.002,0.001,0.6,1000
165,185000,11.54123044,Water,Pressure,0.048464,92,0.001898316,0.05,0.0435,7,0.002,0.001,0.6,1000
225.132262,800000,26,Water,Pressure,0.0805614,89.44087751,0.00111022,0.05,0.045,7,0.002,0.001,0.6,1000
195,385000,16.64932431,Water,Pressure,0.0591102,89,0.001505662,0.05,0.0435,7,0.002,0.001,0.6,1000
205,590000,20.61067684,Water,Pressure,0.0700742,87,0.001241541,0.05,0.044,7,0.002,0.001,0.6,1000
148,180000,11.38419958,Water,Pressure,0.048464,87,0.001795147,0.05,0.043,7,0.002,0.001,0.6,1000
178.5,179000,11.35253276,Water,Pressure,0.048464,85,0.001753879,0.05,0.0429,7,0.002,0.001,0.6,1000
211,795000,23.92488244,Water,Pressure,0.0805614,84,0.001042683,0.05,0.0445,7,0.002,0.001,0.6,1000
184,380000,16.5408585,Water,Pressure,0.0591102,84,0.001421075,0.05,0.043,7,0.002,0.001,0.6,1000
177.24,179000,11.35253276,Water,Pressure,0.048464,84,0.001733245,0.05,0.0428,7,0.002,0.001,0.6,1000
173.47,179000,11.35253276,Water,Pressure,0.048464,83,0.001712611,0.05,0.0427,7,0.002,0.001,0.6,1000
173.47,179000,11.35253276,Water,Pressure,0.047887048,83,0.001733245,0.05,0.0427,7,0.002,0.001,0.6,1000
192,585000,20.52315765,Water,Pressure,0.0700742,82,0.001170188,0.05,0.0435,7,0.002,0.001,0.6,1000
205,379000,16.51907988,Water,Pressure,0.0591102,82,0.001387239,0.05,0.0429,7,0.002,0.001,0.6,1000
164,179000,11.35253276,Water,Pressure,0.047887048,82,0.001712363,0.05,0.0427,7,0.002,0.001,0.6,1000
203.31,379000,16.51907988,Water,Pressure,0.0591102,81,0.001370322,0.05,0.0428,7,0.002,0.001,0.6,1000
199.2,379000,16.51907988,Water,Pressure,0.0591102,80,0.001353404,0.05,0.0427,7,0.002,0.001,0.6,1000
199.2,379000,16.51907988,Water,Pressure,0.058380444,80,0.001370322,0.05,0.0427,7,0.002,0.001,0.6,1000
144,179000,11.35253276,Water,Pressure,0.046719071,80,0.001712363,0.05,0.0427,7,0.002,0.001,0.6,1000
195,790000,23.8495283,Water,Pressure,0.0805614,79,0.000980619,0.05,0.044,7,0.002,0.001,0.6,1000
189.6,379000,16.51907988,Water,Pressure,0.058380444,79,0.001353193,0.05,0.0427,7,0.002,0.001,0.6,1000
182,580000,20.43526364,Water,Pressure,0.0700742,77,0.001098835,0.05,0.043,7,0.002,0.001,0.6,1000
169.4,379000,16.51907988,Water,Pressure,0.056902459,77,0.001353193,0.05,0.0427,7,0.002,0.001,0.6,1000
202.5,579000,20.41763943,Water,Pressure,0.0700742,75,0.001070294,0.05,0.0429,7,0.002,0.001,0.6,1000
182,785000,23.77393531,Water,Pressure,0.0805614,74,0.000918554,0.05,0.0435,7,0.002,0.001,0.6,1000
200.54,579000,20.41763943,Water,Pressure,0.0700742,74,0.001056023,0.05,0.0428,7,0.002,0.001,0.6,1000
196.37,579000,20.41763943,Water,Pressure,0.0700742,73,0.001041753,0.05,0.0427,7,0.002,0.001,0.6,1000
196.37,579000,20.41763943,Water,Pressure,0.069127251,73,0.001056023,0.05,0.0427,7,0.002,0.001,0.6,1000
187.2,579000,20.41763943,Water,Pressure,0.069127251,72,0.001041557,0.05,0.0427,7,0.002,0.001,0.6,1000
168,579000,20.41763943,Water,Pressure,0.06720705,70,0.001041557,0.05,0.0427,7,0.002,0.001,0.6,1000
170,780000,23.69810119,Water,Pressure,0.0805614,69,0.00085649,0.05,0.043,7,0.002,0.001,0.6,1000
180.9,779000,23.68290523,Water,Pressure,0.0805614,67,0.000831664,0.05,0.0429,7,0.002,0.001,0.6,1000
178.86,779000,23.68290523,Water,Pressure,0.0805614,66,0.000819251,0.05,0.0428,7,0.002,0.001,0.6,1000
174.85,779000,23.68290523,Water,Pressure,0.0805614,65,0.000806838,0.05,0.0427,7,0.002,0.001,0.6,1000
174.85,779000,23.68290523,Water,Pressure,0.079340773,65,0.000819251,0.05,0.0427,7,0.002,0.001,0.6,1000
166.4,779000,23.68290523,Water,Pressure,0.079340773,64,0.000806647,0.05,0.0427,7,0.002,0.001,0.6,1000
148.8,779000,23.68290523,Water,Pressure,0.076861374,62,0.000806647,0.05,0.0427,7,0.002,0.001,0.6,1000
95.48,131000,9.226256012,PF-5052,Pressure,0.14137271,62,0.000138,0.0111,0.0017,9.65,0.0001,0.000517,0.062,1643
90.12161717,131000,9.226256012,PF-5052,Pressure,0.139597342,61.2214,0.000138,0.0111,0.0017,9.65,0.0001,0.000517,0.062,1643
156.2,500000,18.97366596,Water,Pressure,0.069127251,71,0.001041557,0.05,0.0427,7,0.002,0.001,0.6,1000
138,500000,18.97366596,Water,Pressure,0.06720705,69,0.001041557,0.05,0.0427,7,0.002,0.001,0.6,1000
140.3362319,700000,22.44994432,Water,Pressure,0.0805614,68,0.00085649,0.05,0.043,7,0.002,0.001,0.6,1000
151.8,700000,22.44994432,Water,Pressure,0.0805614,66,0.000831664,0.05,0.0429,7,0.002,0.001,0.6,1000
150.15,700000,22.44994432,Water,Pressure,0.0805614,65,0.000819251,0.05,0.0428,7,0.002,0.001,0.6,1000
146.56,700000,22.44994432,Water,Pressure,0.0805614,64,0.000806838,0.05,0.0427,7,0.002,0.001,0.6,1000
146.56,700000,22.44994432,Water,Pressure,0.079340773,64,0.000819251,0.05,0.0427,7,0.002,0.001,0.6,1000
138.6,700000,22.44994432,Water,Pressure,0.079340773,63,0.000806647,0.05,0.0427,7,0.002,0.001,0.6,1000
122,700000,22.44994432,Water,Pressure,0.076861374,61,0.000806647,0.05,0.0427,7,0.002,0.001,0.6,1000
105,100000,8.485281374,PF-5052,Pressure,0.14137271,61,0.000138,0.0111,0.0017,9.65,0.0001,0.000517,0.062,1643
101,100000,8.485281374,PF-5052,Pressure,0.139597342,60,0.000138,0.0111,0.0017,9.65,0.0001,0.000517,0.062,1643
90.06,131000,9.226256012,PF-5052,Pressure,0.137969942,57,0.00013,0.0111,0.0017,9.65,0.0001,0.000517,0.062,1643
84.36578943,131000,9.226256012,PF-5052,Pressure,0.134130505,55.4138,0.00013,0.0111,0.0017,9.65,0.0001,0.000517,0.062,1643
88.02,131000,9.226256012,PF-5052,Pressure,0.134857838,54,0.000126,0.0111,0.0017,9.65,0.0001,0.000517,0.062,1643
80.73403047,131000,9.226256012,PF-5052,Pressure,0.130155795,52.1172,0.000126,0.0111,0.0017,9.65,0.0001,0.000517,0.062,1643
95.2418467,200000,13,Water,Pressure,0.0282839,48.92944997,0.00172994,0.05,0.045,7,0.002,0.001,0.6,1000
84,131000,9.226256012,PF-5052,Pressure,0.126925024,48,0.000119,0.0111,0.0017,9.65,0.0001,0.000517,0.062,1643
116.4084403,400000,18.38477631,Water,Pressure,0.0344809,47.52192119,0.00137821,0.05,0.045,7,0.002,0.001,0.6,1000
78.40546611,131000,9.226256012,PF-5052,Pressure,0.123786274,46.813,0.000119,0.0111,0.0017,9.65,0.0001,0.000517,0.062,1643
80,195000,11.84905059,Water,Pressure,0.0282839,43,0.0015203,0.05,0.0445,7,0.002,0.001,0.6,1000
126.9465867,600000,22.5166605,Water,Pressure,0.0392479,42.9595739,0.00109457,0.05,0.045,7,0.002,0.001,0.6,1000
105,395000,16.86416319,Water,Pressure,0.0344809,42,0.001218066,0.05,0.0445,7,0.002,0.001,0.6,1000
116.6553705,800000,26,Water,Pressure,0.0440148,38.23702122,0.000868731,0.05,0.045,7,0.002,0.001,0.6,1000
91,390000,16.75708805,Water,Pressure,0.0344809,38,0.001102059,0.05,0.044,7,0.002,0.001,0.6,1000
105,595000,20.69782597,Water,Pressure,0.0392479,37,0.000942726,0.05,0.0445,7,0.002,0.001,0.6,1000
72,190000,11.69615321,Water,Pressure,0.0282839,37,0.001308165,0.05,0.044,7,0.002,0.001,0.6,1000
111,585000,20.52315765,Water,Pressure,0.0392479,37,0.000942726,0.05,0.0435,7,0.002,0.001,0.6,1000
76.7217858,103421,8.197741506,PF-5052,Pressure,0.087139086,34.4493,0.0001244,0.01166,0.00119,9.65,0.0001,0.000517,0.062,1643
100,795000,23.92488244,Water,Pressure,0.0440148,33,0.000749748,0.05,0.0445,7,0.002,0.001,0.6,1000
78,385000,16.64932431,Water,Pressure,0.0344809,33,0.000957052,0.05,0.0435,7,0.002,0.001,0.6,1000
72.88181316,103421,8.197741506,PF-5052,Pressure,0.083773386,32.3999,0.0001217,0.01166,0.00119,9.65,0.0001,0.000517,0.062,1643
91,590000,20.61067684,Water,Pressure,0.0392479,32,0.00081533,0.05,0.044,7,0.002,0.001,0.6,1000
61,185000,11.54123044,Water,Pressure,0.0282839,32,0.001131386,0.05,0.0435,7,0.002,0.001,0.6,1000
94.56077905,580000,20.43526364,Water,Pressure,0.0392479,32,0.00081533,0.05,0.043,7,0.002,0.001,0.6,1000
68.22489098,103421,8.197741506,PF-5052,Pressure,0.079961972,30.2397,0.000119,0.01166,0.00119,9.65,0.0001,0.000517,0.062,1643
87,790000,23.8495283,Water,Pressure,0.0440148,28,0.00063615,0.05,0.044,7,0.002,0.001,0.6,1000
68.5880589,380000,16.5408585,Water,Pressure,0.0344809,28,0.000812044,0.05,0.043,7,0.002,0.001,0.6,1000
52.55587101,180000,11.38419958,Water,Pressure,0.0282839,27,0.000954607,0.05,0.043,7,0.002,0.001,0.6,1000
78.24973287,278585.1622,13.69058425,Water,Pressure,0.005,25.2664,0.00505328,0.254,0.016844267,7,0.00005,0.001,0.6,1000
48.47401026,200000,13,Water,Pressure,0.0214513,24.99762892,0.00116532,0.05,0.045,7,0.002,0.001,0.6,1000
72,785000,23.77393531,Water,Pressure,0.0440148,23,0.000522552,0.05,0.0435,7,0.002,0.001,0.6,1000
73.91668482,275790,13.62172941,Water,Pressure,0.005,22.5322,0.00450644,0.254,0.015021467,7,0.00005,0.001,0.6,1000
31.647,2000000,49.6,Water,Pressure,0.03272,22.4132,0.000685,0.1,0.008,7,0.000625,0.001,0.6,1000
52.28738984,400000,18.38477631,Water,Pressure,0.0246292,21.71389085,0.000881632,0.05,0.045,7,0.002,0.001,0.6,1000
32.5575,200000,17.2,Water,Pressure,0.00916,20.61,0.00225,0.1,0.008,7,0.000625,0.001,0.6,1000
65.92158567,272994.8378,13.55252474,Water,Pressure,0.005,20.3808,0.00407616,0.254,0.0135872,7,0.00005,0.001,0.6,1000
54.64227938,600000,22.5166605,Water,Pressure,0.028125,18.92235938,0.000672795,0.05,0.045,7,0.002,0.001,0.6,1000
42.804,500000,26.2,Water,Pressure,0.01375,18.5625,0.00135,0.1,0.008,7,0.000625,0.001,0.6,1000
54.9152785,780000,23.69810119,Water,Pressure,0.0440148,18,0.000408953,0.05,0.043,7,0.002,0.001,0.6,1000
41.74053333,1000000,36.1,Water,Pressure,0.02088,17.24688,0.000826,0.1,0.008,7,0.000625,0.001,0.6,1000
39.78933333,896000,21.88210837,FC-72,Pressure,0.009017857,16.5703125,0.00004,0.005,0.0007,12,0.000049,0.00064,0.057,1680
47.82901682,800000,26,Water,Pressure,0.0300318,15.26116971,0.000508167,0.05,0.045,7,0.002,0.001,0.6,1000
49.52867256,270199.6757,13.48296487,Water,Pressure,0.005,14.8703,0.00297406,0.254,0.009913533,7,0.00005,0.001,0.6,1000
41.11335614,689000,19.18866543,FC-72,Pressure,0.007834714,14.3962875,0.000043,0.005,0.0007,12,0.000049,0.00064,0.057,1680
50.53499013,41368.5,5.184713232,PF-5052,Pressure,0.036085813,12.5,0.000109,0.00943,0.00076,9.65,0.0001,0.000517,0.062,1643
45.60168908,41368.5,5.184713232,PF-5052,Pressure,0.034642381,12,0.000109,0.00943,0.00076,9.65,0.0001,0.000517,0.062,1643
27.21745263,483000,16.0660356,FC-72,Pressure,0.006204286,11.400375,0.000047,0.005,0.0007,12,0.000049,0.00064,0.057,1680
13.94826667,896000,21.2289111,FC-72,Pressure,0.005555,10.2073125,0.000016,0.005,0.0007,12,0.000049,0.00064,0.057,1680
29.91366667,200000,17.2,Water,Pressure,0.00579,9.9588,0.00172,0.1,0.008,7,0.000625,0.001,0.6,1000
23.59931053,344000,13.5585854,FC-72,Pressure,0.005151,9.4649625,0.000051,0.005,0.0007,12,0.000049,0.00064,0.057,1680
21.22715801,200000,13,Water,Pressure,0.009375,8.979609375,0.000957825,0.05,0.045,7,0.002,0.001,0.6,1000
13.5892,689000,18.61586945,FC-72,Pressure,0.004804714,8.8286625,0.000019,0.005,0.0007,12,0.000049,0.00064,0.057,1680
17.75193333,2000000,49.6,Water,Pressure,0.01653,8.5956,0.00052,0.1,0.008,7,0.000625,0.001,0.6,1000
19.142,500000,26.2,Water,Pressure,0.00796,8.1192,0.00102,0.1,0.008,7,0.000625,0.001,0.6,1000
20.0325,200000,17.2,Water,Pressure,0.00348,7.83,0.00225,0.2,0.008,7,0.000625,0.001,0.6,1000
13.31917895,483000,15.58645245,FC-72,Pressure,0.004242,7.794675,0.000023,0.005,0.0007,12,0.000049,0.00064,0.057,1680
22.92340961,400000,18.38477631,Water,Pressure,0.0106462,7.539340746,0.000708172,0.05,0.045,7,0.002,0.001,0.6,1000
25.45854035,207000,10.51768918,FC-72,Pressure,0.004025571,7.3969875,0.000058,0.005,0.0007,12,0.000049,0.00064,0.057,1680
32.29183717,256223.8649,13.12963885,Water,Pressure,0.005,7.06241,0.001412482,0.254,0.004708273,7,0.00005,0.001,0.6,1000
11.69606842,344000,13.15385151,FC-72,Pressure,0.003794714,6.9727875,0.000027,0.005,0.0007,12,0.000049,0.00064,0.057,1680
12.88118,1000000,36.1,Water,Pressure,0.01066,6.58788,0.000618,0.1,0.008,7,0.000625,0.001,0.6,1000
28.79719995,264609.3514,13.34275727,Water,Pressure,0.005,6.48012,0.001296024,0.254,0.00432008,7,0.00005,0.001,0.6,1000
17.42183333,2000000,49.6,Water,Pressure,0.00941,6.44585,0.000685,0.2,0.008,7,0.000625,0.001,0.6,1000
9.438196069,460000,15.77238092,Water,Pressure,0.047060302,6.278148548,0.000133406,0.023,0.0006,7,0.0004,0.001,0.6,1000
9.368268847,460000,15.77238092,Water,Pressure,0.046554516,6.210673424,0.000133406,0.023,0.0006,7,0.0004,0.001,0.6,1000
33.73152074,267404.5135,13.41304427,Water,Pressure,0.005,6.21,0.001242,0.254,0.00414,7,0.00005,0.001,0.6,1000
22.40895827,600000,22.5166605,Water,Pressure,0.0115996,6.147068825,0.000529938,0.05,0.045,7,0.002,0.001,0.6,1000
19.9395,500000,26.2,Water,Pressure,0.00453,6.1155,0.00135,0.2,0.008,7,0.000625,0.001,0.6,1000
9.241243659,460000,15.77238092,Water,Pressure,0.045640112,6.088685967,0.000133406,0.023,0.0006,7,0.0004,0.001,0.6,1000
9.150193747,460000,15.77238092,Water,Pressure,0.04498817,6.001712684,0.000133406,0.023,0.0006,7,0.0004,0.001,0.6,1000
9.112039498,460000,15.77238092,Water,Pressure,0.044715846,5.965382933,0.000133406,0.023,0.0006,7,0.0004,0.001,0.6,1000
21.91321053,138000,8.587657256,FC-72,Pressure,0.003203143,5.885775,0.000065,0.005,0.0007,12,0.000049,0.00064,0.057,1680
12.44691151,400000,16.97056275,Water,Pressure,0.055,5.83,0.000106,0.00866,0.0003,7,0.0001,0.001,0.6,1000
9.133557384,360000,13.95306418,Water,Pressure,0.040915333,5.816140622,0.000142151,0.023,0.0006,7,0.0004,0.001,0.6,1000
9.125715408,360000,13.95306418,Water,Pressure,0.040864298,5.808885891,0.000142151,0.023,0.0006,7,0.0004,0.001,0.6,1000
8.930695644,460000,15.77238092,Water,Pressure,0.043428592,5.793654847,0.000133406,0.023,0.0006,7,0.0004,0.001,0.6,1000
10.94705263,207000,10.20372831,FC-72,Pressure,0.003131,5.7532125,0.00003,0.005,0.0007,12,0.000049,0.00064,0.057,1680
9.029171435,360000,13.95306418,Water,Pressure,0.040237621,5.719803403,0.000142151,0.023,0.0006,7,0.0004,0.001,0.6,1000
26.05698958,259019.027,13.20106062,Water,Pressure,0.005,5.69629,0.001139258,0.254,0.003797527,7,0.00005,0.001,0.6,1000
11.94999183,400000,16.97056275,Water,Pressure,0.053,5.671,0.000107,0.00866,0.0003,7,0.0001,0.001,0.6,1000
8.839755713,360000,13.95306418,Water,Pressure,0.039016921,5.546280117,0.000142151,0.023,0.0006,7,0.0004,0.001,0.6,1000
11.3695267,400000,16.97056275,Water,Pressure,0.051,5.508,0.000108,0.00866,0.0003,7,0.0001,0.001,0.6,1000
10.897205,350000,15.87450787,Water,Pressure,0.049,5.39,0.00011,0.00866,0.0003,7,0.0001,0.001,0.6,1000
12.35723684,896000,20.57571384,FC-72,Pressure,0.002885714,5.3025,0.000025,0.005,0.0007,12,0.000049,0.00064,0.057,1680
8.559221434,360000,13.95306418,Water,Pressure,0.037230713,5.292369477,0.000142151,0.023,0.0006,7,0.0004,0.001,0.6,1000
8.736628113,260000,11.85782442,Water,Pressure,0.033935885,5.248222447,0.000154651,0.023,0.0006,7,0.0004,0.001,0.6,1000
9.083209623,160000,9.302042786,Water,Pressure,0.029912728,5.245901074,0.000175374,0.023,0.0006,7,0.0004,0.001,0.6,1000
8.682500223,260000,11.85782442,Water,Pressure,0.033630807,5.20104177,0.000154651,0.023,0.0006,7,0.0004,0.001,0.6,1000
8.433726115,360000,13.95306418,Water,Pressure,0.036440159,5.179991817,0.000142151,0.023,0.0006,7,0.0004,0.001,0.6,1000
8.621361482,260000,11.85782442,Water,Pressure,0.033287249,5.147910139,0.000154651,0.023,0.0006,7,0.0004,0.001,0.6,1000
8.368123597,360000,13.95306418,Water,Pressure,0.03602901,5.12154668,0.000142151,0.023,0.0006,7,0.0004,0.001,0.6,1000
10.50863162,350000,15.87450787,Water,Pressure,0.046,5.106,0.000111,0.00866,0.0003,7,0.0001,0.001,0.6,1000
25.33125725,261814.1892,13.27209804,Water,Pressure,0.005,5.08016,0.001016032,0.254,0.003386773,7,0.00005,0.001,0.6,1000
14.7338,200000,17.2,Water,Pressure,0.0036,4.968,0.00138,0.1,0.008,7,0.000625,0.001,0.6,1000
16.78845,1000000,36.1,Water,Pressure,0.00601,4.96426,0.000826,0.2,0.008,7,0.000625,0.001,0.6,1000
25.145725,272000,15.16047493,Water,Pressure,0.036054422,4.957482993,0.00055,0.0033,0.0007,7,0.000049,0.001,0.6,1000
18.13295,136000,10.72007463,Water,Pressure,0.036054422,4.957482993,0.00055,0.0033,0.0007,7,0.000049,0.001,0.6,1000
8.722641618,160000,9.302042786,Water,Pressure,0.02820296,4.946053001,0.000175374,0.023,0.0006,7,0.0004,0.001,0.6,1000
8.385157679,260000,11.85782442,Water,Pressure,0.031970337,4.944248232,0.000154651,0.023,0.0006,7,0.0004,0.001,0.6,1000
8.367579002,260000,11.85782442,Water,Pressure,0.031872995,4.929194154,0.000154651,0.023,0.0006,7,0.0004,0.001,0.6,1000
10.172904,300000,14.69693846,Water,Pressure,0.044,4.928,0.000112,0.00866,0.0003,7,0.0001,0.001,0.6,1000
20.31155783,800000,26,Water,Pressure,0.0123941,4.822779798,0.000389119,0.05,0.045,7,0.002,0.001,0.6,1000
8.182796695,260000,11.85782442,Water,Pressure,0.030855383,4.771819453,0.000154651,0.023,0.0006,7,0.0004,0.001,0.6,1000
9.041897881,300000,14.69693846,Water,Pressure,0.042,4.746,0.000113,0.00866,0.0003,7,0.0001,0.001,0.6,1000
8.385807499,160000,9.302042786,Water,Pressure,0.026634386,4.670966735,0.000175374,0.023,0.0006,7,0.0004,0.001,0.6,1000
8.378587954,160000,9.302042786,Water,Pressure,0.026601074,4.66512459,0.000175374,0.023,0.0006,7,0.0004,0.001,0.6,1000
8.285698434,160000,9.302042786,Water,Pressure,0.026173623,4.590161038,0.000175374,0.023,0.0006,7,0.0004,0.001,0.6,1000
12.12925614,689000,18.04307346,FC-72,Pressure,0.002481714,4.56015,0.000028,0.005,0.0007,12,0.000049,0.00064,0.057,1680
8.337352926,300000,14.69693846,Water,Pressure,0.04,4.56,0.000114,0.00866,0.0003,7,0.0001,0.001,0.6,1000
7.913420228,260000,11.85782442,Water,Pressure,0.029390499,4.545273384,0.000154651,0.023,0.0006,7,0.0004,0.001,0.6,1000
21.949,272000,15.16047493,Water,Pressure,0.036054422,4.506802721,0.0005,0.005,0.0007,7,0.000049,0.001,0.6,1000
15.48266667,136000,10.72007463,Water,Pressure,0.036054422,4.506802721,0.0005,0.005,0.0007,7,0.000049,0.001,0.6,1000
10.45875,200000,17.2,Water,Pressure,0.00196,4.41,0.00225,0.3,0.008,7,0.000625,0.001,0.6,1000
8.017798171,250000,13.41640786,Water,Pressure,0.038,4.37,0.000115,0.00866,0.0003,7,0.0001,0.001,0.6,1000
7.921330669,160000,9.302042786,Water,Pressure,0.024517944,4.299798662,0.000175374,0.023,0.0006,7,0.0004,0.001,0.6,1000
22.27584453,253428.7027,13.05782643,Water,Pressure,0.005,4.27787,0.000855574,0.254,0.002851913,7,0.00005,0.001,0.6,1000
7.79500326,160000,9.302042786,Water,Pressure,0.023951845,4.200519871,0.000175374,0.023,0.0006,7,0.0004,0.001,0.6,1000
7.515224699,250000,13.41640786,Water,Pressure,0.036,4.176,0.000116,0.00866,0.0003,7,0.0001,0.001,0.6,1000
19.60658,272000,15.16047493,Water,Pressure,0.036054422,4.146258503,0.00046,0.007,0.0007,7,0.000049,0.001,0.6,1000
13.07105333,136000,10.72007463,Water,Pressure,0.036054422,4.146258503,0.00046,0.007,0.0007,7,0.000049,0.001,0.6,1000
10.62983158,483000,15.1068693,FC-72,Pressure,0.002250857,4.13595,0.000028,0.005,0.0007,12,0.000049,0.00064,0.057,1680
13.1659,620528,19.3757436,Water,Pressure,0.00443,4.123853865,0.000837803,0.03,0.00076,7,0.001963,0.0009,0.6,1000
20.44041566,250633.5405,12.98561689,Water,Pressure,0.005,4.09748,0.000819496,0.254,0.002731653,7,0.00005,0.001,0.6,1000
13.9804245,584772,20.51915788,Water,Pressure,0.033120211,3.980633682,0.000120187,0.01451,0.00056,7,0.0002,0.001,0.6,1000
7.019563915,250000,13.41640786,Water,Pressure,0.034,3.978,0.000117,0.00866,0.0003,7,0.0001,0.001,0.6,1000
12.45769603,555838,20.00508335,Water,Pressure,0.032472935,3.954472791,0.000121777,0.01451,0.00056,7,0.0002,0.001,0.6,1000
10.81526251,537563,19.67346843,Water,Pressure,0.031739016,3.898709629,0.000122837,0.01451,0.00056,7,0.0002,0.001,0.6,1000
12.7786,620528,19.3757436,Water,Pressure,0.00443,3.892103554,0.000790721,0.03,0.00076,7,0.001963,0.0009,0.6,1000
9.33119409,516244,19.27941078,Water,Pressure,0.031091564,3.859417511,0.000124131,0.01451,0.00056,7,0.0002,0.001,0.6,1000
9.748,2000000,49.6,Water,Pressure,0.0096,3.84,0.0004,0.1,0.008,7,0.000625,0.001,0.6,1000
10.956575,2000000,49.6,Water,Pressure,0.00557,3.81545,0.000685,0.3,0.008,7,0.000625,0.001,0.6,1000
7.649626188,501015,18.99291447,Water,Pressure,0.030328998,3.794070257,0.000125097,0.01451,0.00056,7,0.0002,0.001,0.6,1000
7.25182888,455330,18.1062862,Water,Pressure,0.02934833,3.763444697,0.000128234,0.01451,0.00056,7,0.0002,0.001,0.6,1000
12.98026667,200000,17.2,Water,Pressure,0.00215,3.698,0.00172,0.2,0.008,7,0.000625,0.001,0.6,1000
11.83865833,500000,26.2,Water,Pressure,0.00472,3.68632,0.000781,0.1,0.008,7,0.000625,0.001,0.6,1000
6.698981344,423350,17.45886594,Water,Pressure,0.028151494,3.678704469,0.000130675,0.01451,0.00056,7,0.0002,0.001,0.6,1000
12.1271,620528,19.3757436,Water,Pressure,0.00443,3.673169504,0.000746242,0.03,0.00076,7,0.001963,0.0009,0.6,1000
6.411345227,405076,17.07790151,Water,Pressure,0.027286116,3.606603549,0.000132177,0.01451,0.00056,7,0.0002,0.001,0.6,1000
5.891579198,367005,16.25557135,Water,Pressure,0.0263058,3.56705747,0.0001356,0.01451,0.00056,7,0.0002,0.001,0.6,1000
11.3374,620528,19.3757436,Water,Pressure,0.00443,3.516868211,0.000714488,0.03,0.00076,7,0.001963,0.0009,0.6,1000
20.4538006,247838.3784,12.91300356,Water,Pressure,0.005,3.50102,0.000700204,0.254,0.002334013,7,0.00005,0.001,0.6,1000
5.272040327,325888,15.31794242,Water,Pressure,0.02486362,3.47686878,0.000139838,0.01451,0.00056,7,0.0002,0.001,0.6,1000
10.4414,620528,19.3757436,Water,Pressure,0.00443,3.416082253,0.000694012,0.03,0.00076,7,0.001963,0.0009,0.6,1000
8.749136842,344000,12.74911762,FC-72,Pressure,0.001846857,3.3936,0.000027,0.005,0.0007,12,0.000049,0.00064,0.057,1680
10.13175,500000,26.2,Water,Pressure,0.00247,3.3345,0.00135,0.3,0.008,7,0.000625,0.001,0.6,1000
9.779568333,1000000,36.1,Water,Pressure,0.00666,3.32334,0.000499,0.1,0.008,7,0.000625,0.001,0.6,1000
9.68866,620528,19.3757436,Water,Pressure,0.00443,3.270646414,0.000664465,0.03,0.00076,7,0.001963,0.0009,0.6,1000
19.59943865,245043.2162,12.83997959,Water,Pressure,0.005,3.16722,0.000633444,0.254,0.00211148,7,0.00005,0.001,0.6,1000
18.24143533,242248.0541,12.76653793,Water,Pressure,0.005,3.16675,0.00063335,0.254,0.002111167,7,0.00005,0.001,0.6,1000
8.53113,239061,12.02630055,Water,Pressure,0.00275,3.108481427,0.001017321,0.03,0.00061,7,0.001963,0.0009,0.6,1000
15.35746073,233862.5676,12.54363326,Water,Pressure,0.005,2.98961,0.000597922,0.254,0.001993073,7,0.00005,0.001,0.6,1000
8.53175,239061,12.02630055,Water,Pressure,0.00275,2.976682326,0.000974187,0.03,0.00061,7,0.001963,0.0009,0.6,1000
11.1826,500000,26.2,Water,Pressure,0.00289,2.9478,0.00102,0.2,0.008,7,0.000625,0.001,0.6,1000
19.053572,239452.8919,12.69267134,Water,Pressure,0.005,2.82464,0.000564928,0.254,0.001883093,7,0.00005,0.001,0.6,1000
8.21906,239061,12.02630055,Water,Pressure,0.00275,2.789132847,0.000912807,0.03,0.00061,7,0.001963,0.0009,0.6,1000
18.2512043,236657.7297,12.61837234,Water,Pressure,0.005,2.78428,0.000556856,0.254,0.001856187,7,0.00005,0.001,0.6,1000
7.083947368,207000,9.889767439,FC-72,Pressure,0.001500571,2.7573,0.000027,0.005,0.0007,12,0.000049,0.00064,0.057,1680
5.0625,200000,17.2,Water,Pressure,0.00121,2.7225,0.00225,0.4,0.008,7,0.000625,0.001,0.6,1000
9.002933333,2000000,49.6,Water,Pressure,0.00522,2.7144,0.00052,0.2,0.008,7,0.000625,0.001,0.6,1000
8.32608,1000000,36.1,Water,Pressure,0.00305,2.5193,0.000826,0.3,0.008,7,0.000625,0.001,0.6,1000
8.09843,239061,12.02630055,Water,Pressure,0.00275,2.484726064,0.000813183,0.03,0.00061,7,0.001963,0.0009,0.6,1000
22.34063333,272000,15.16047493,Water,Pressure,0.018027211,2.478741497,0.00055,0.0033,0.0007,7,0.000049,0.001,0.6,1000
14.02545833,136000,10.72007463,Water,Pressure,0.018027211,2.478741497,0.00055,0.0033,0.0007,7,0.000049,0.001,0.6,1000
11.88472603,1921582.144,20.48524538,HFE-7100,Pressure,0.00425342,2.468102921,0.00006,0.005,0.00015,6,0.000625,0.00038,0.073,1470
11.0025696,550000,19.89974874,Water,Pressure,0.036,2.448,0.000068,0.00866,0.0003,7,0.0001,0.001,0.6,1000
14.10128797,231067.4054,12.46844619,Water,Pressure,0.005,2.4467,0.00048934,0.254,0.001631133,7,0.00005,0.001,0.6,1000
7.421975,2000000,49.6,Water,Pressure,0.00352,2.4112,0.000685,0.4,0.008,7,0.000625,0.001,0.6,1000
10.84861644,1857439.918,19.57170421,HFE-7100,Pressure,0.00404046,2.344530079,0.00006,0.005,0.00015,6,0.000625,0.00038,0.073,1470
7.91965,239061,12.02630055,Water,Pressure,0.00275,2.278366678,0.000745647,0.03,0.00061,7,0.001963,0.0009,0.6,1000
19.49,272000,15.16047493,Water,Pressure,0.018027211,2.253401361,0.0005,0.005,0.0007,7,0.000049,0.001,0.6,1000
11.74866667,136000,10.72007463,Water,Pressure,0.018027211,2.253401361,0.0005,0.005,0.0007,7,0.000049,0.001,0.6,1000
10.56336699,500000,18.97366596,Water,Pressure,0.03,2.25,0.000075,0.00866,0.0003,7,0.0001,0.001,0.6,1000
10.54975198,550000,19.89974874,Water,Pressure,0.033,2.244,0.000068,0.00866,0.0003,7,0.0001,0.001,0.6,1000
14.29662,2434719.954,26.82932724,HFE-7000,Pressure,0.00469387,2.190472667,0.00006,0.005,0.00015,8,0.000625,0.00045,0.075,1400
13.13127309,228272.2432,12.39280296,Water,Pressure,0.005,2.15088,0.000430176,0.254,0.00143392,7,0.00005,0.001,0.6,1000
5.936866667,200000,17.2,Water,Pressure,0.00124,2.1328,0.00172,0.3,0.008,7,0.000625,0.001,0.6,1000
7.54681,1000000,36.1,Water,Pressure,0.00343,2.11974,0.000618,0.2,0.008,7,0.000625,0.001,0.6,1000
5.64075,500000,26.2,Water,Pressure,0.00157,2.1195,0.00135,0.4,0.008,7,0.000625,0.001,0.6,1000
9.629671233,1793297.692,18.74042394,HFE-7100,Pressure,0.0036442,2.114595,0.00006,0.005,0.00015,6,0.000625,0.00038,0.073,1470
7.68693,239061,12.02630055,Water,Pressure,0.00275,2.104249214,0.000688663,0.03,0.00061,7,0.001963,0.0009,0.6,1000
13.76272,2370577.728,26.12248568,HFE-7000,Pressure,0.0044498,2.076573333,0.00006,0.005,0.00015,8,0.000625,0.00045,0.075,1400
17.59561333,272000,15.16047493,Water,Pressure,0.018027211,2.073129252,0.00046,0.007,0.0007,7,0.000049,0.001,0.6,1000
9.468103333,136000,10.72007463,Water,Pressure,0.018027211,2.073129252,0.00046,0.007,0.0007,7,0.000049,0.001,0.6,1000
10.03925534,500000,18.97366596,Water,Pressure,0.027,2.025,0.000075,0.00866,0.0003,7,0.0001,0.001,0.6,1000
7.63013,239061,12.02630055,Water,Pressure,0.00275,2.01499312,0.000659452,0.03,0.00061,7,0.001963,0.0009,0.6,1000
13.91179913,225477.0811,12.31669518,Water,Pressure,0.005,2.00268,0.000400536,0.254,0.00133512,7,0.00005,0.001,0.6,1000
13.34746,2306435.502,25.57960715,HFE-7000,Pressure,0.00426677,1.991159333,0.00006,0.005,0.00015,8,0.000625,0.00045,0.075,1400
11.8796203,222681.9189,12.24011418,Water,Pressure,0.005,1.9736,0.00039472,0.254,0.001315733,7,0.00005,0.001,0.6,1000
8.959253425,1729155.466,17.60281355,HFE-7100,Pressure,0.00335439,1.946428934,0.00006,0.005,0.00015,6,0.000625,0.00038,0.073,1470
4.353,200000,17.2,Water,Pressure,0.00215,1.935,0.0009,0.1,0.008,7,0.000625,0.001,0.6,1000
6.229566667,2000000,49.6,Water,Pressure,0.0052,1.924,0.00037,0.1,0.008,7,0.000625,0.001,0.6,1000
12.87288,2242293.275,24.83704006,HFE-7000,Pressure,0.00402264,1.877232,0.00006,0.005,0.00015,8,0.000625,0.00045,0.075,1400
9.654217674,500000,18.97366596,Water,Pressure,0.0249,1.8675,0.000075,0.00866,0.0003,7,0.0001,0.001,0.6,1000
9.494245498,450000,18,Water,Pressure,0.022,1.804,0.000082,0.00866,0.0003,7,0.0001,0.001,0.6,1000
7.016316563,182403.69,11.45995885,Water,Pressure,0.0116604,1.789684871,0.000153484,0.023,0.00051,7,0.000314,0.001,0.6,1000
5.371753333,1000000,36.1,Water,Pressure,0.00214,1.76764,0.000826,0.4,0.008,7,0.000625,0.001,0.6,1000
9.425464602,896000,28.14306435,PSF-3,Pressure,0.07,1.75260223,0.000025,0.004,0.00015,47,0.000049,0.00269,0.113,898
7.25464,689000,27.11799916,PAO-2,Pressure,0.121020408,1.745812581,0.000028,0.004,0.00015,76,0.000049,0.00461,0.14,791.7
6.786832397,182403.69,11.45995885,Water,Pressure,0.011366,1.744499181,0.000153484,0.023,0.00051,7,0.000314,0.001,0.6,1000
9.507780822,1665013.239,16.3826904,HFE-7100,Pressure,0.00295625,1.715402961,0.00006,0.005,0.00015,6,0.000625,0.00038,0.073,1470
12.04238,2178151.049,23.72943026,HFE-7000,Pressure,0.00367186,1.713534667,0.00006,0.005,0.00015,8,0.000625,0.00045,0.075,1400
6.557348232,182403.69,11.45995885,Water,Pressure,0.0110717,1.699328839,0.000153484,0.023,0.00051,7,0.000314,0.001,0.6,1000
9.447030387,219886.7568,12.16305101,Water,Pressure,0.005,1.6855,0.0003371,0.254,0.001123667,7,0.00005,0.001,0.6,1000
7.385714286,896000,30.92445374,PAO-2,Pressure,0.130204082,1.677048342,0.000025,0.004,0.00015,76,0.000049,0.00461,0.14,791.7
14.28413158,1600871.013,19.16219242,FC-72,Pressure,0.0042542,1.67509125,0.00006,0.005,0.00015,12,0.000625,0.00064,0.057,1680
6.404350261,182403.69,11.45995885,Water,Pressure,0.0108,1.657627235,0.000153484,0.023,0.00051,7,0.000314,0.001,0.6,1000
9.067087157,450000,18,Water,Pressure,0.02,1.64,0.000082,0.00866,0.0003,7,0.0001,0.001,0.6,1000
6.386279646,689000,24.67896772,PSF-3,Pressure,0.057755102,1.619547531,0.000028,0.004,0.00015,47,0.000049,0.00269,0.113,898
5.309025,500000,26.2,Water,Pressure,0.00251,1.60389,0.000639,0.1,0.008,7,0.000625,0.001,0.6,1000
6.46,500000,26.2,Water,Pressure,0.00157,1.6014,0.00102,0.3,0.008,7,0.000625,0.001,0.6,1000
6.236055052,182403.69,11.45995885,Water,Pressure,0.0103472,1.588129678,0.000153484,0.023,0.00051,7,0.000314,0.001,0.6,1000
12.64494737,1536728.787,18.30765291,FC-72,Pressure,0.00401091,1.579295813,0.00006,0.005,0.00015,12,0.000625,0.00064,0.057,1680
11.5678,2114008.823,22.72155649,HFE-7000,Pressure,0.00336657,1.571066,0.00006,0.005,0.00015,8,0.000625,0.00045,0.075,1400
8.92230553,217091.5946,12.08549647,Water,Pressure,0.005,1.569,0.0003138,0.254,0.001046,7,0.00005,0.001,0.6,1000
7.2852,2000000,49.6,Water,Pressure,0.00301,1.5652,0.00052,0.3,0.008,7,0.000625,0.001,0.6,1000
4.621275,1000000,36.1,Water,Pressure,0.00355,1.55135,0.000437,0.1,0.008,7,0.000625,0.001,0.6,1000
6.4952,200000,17.2,Water,Pressure,0.0011,1.518,0.00138,0.2,0.008,7,0.000625,0.001,0.6,1000
5.954776517,196133,11.88342375,Water,Pressure,0.00998491,1.503987949,0.000150626,0.022,0.00051,7,0.000314,0.001,0.6,1000
8.640304621,450000,18,Water,Pressure,0.0181,1.4842,0.000082,0.00866,0.0003,7,0.0001,0.001,0.6,1000
9.185017892,214296.4324,12.00744102,Water,Pressure,0.005,1.46081,0.000292162,0.254,0.000973873,7,0.00005,0.001,0.6,1000
5.774602609,196133,11.88342375,Water,Pressure,0.00969057,1.459652666,0.000150626,0.022,0.00051,7,0.000314,0.001,0.6,1000
2.438641667,300000,15.18683641,Water,Gas,0.0291623,1.458115,0.00005,0.015,0.0001,7,0.00113411,0.001,0.6,1000
12.80107895,1472586.561,17.53006141,FC-72,Pressure,0.00367439,1.446791063,0.00006,0.005,0.00015,12,0.000625,0.00064,0.057,1680
6.3624,483000,22.70500477,PAO-2,Pressure,0.1,1.442577007,0.000028,0.004,0.00015,76,0.000049,0.00461,0.14,791.7
11.74853906,1280159.882,19.22681011,FC-74,Pressure,0.0042704,1.435178734,0.00006,0.005,0.00015,13,0.000625,0.00079,0.064,1770
3.124666667,200000,17.2,Water,Pressure,0.00082,1.4104,0.00172,0.4,0.008,7,0.000625,0.001,0.6,1000
5.654478303,196133,11.88342375,Water,Pressure,0.00935094,1.408495527,0.000150626,0.022,0.00051,7,0.000314,0.001,0.6,1000
8.392147668,400000,16.97056275,Water,Pressure,0.0157,1.3973,0.000089,0.00866,0.0003,7,0.0001,0.001,0.6,1000
5.486017699,483000,20.66288432,PSF-3,Pressure,0.049795918,1.396359002,0.000028,0.004,0.00015,47,0.000049,0.00269,0.113,898
10.44068,2049866.597,21.34227719,HFE-7000,Pressure,0.00297025,1.386116667,0.00006,0.005,0.00015,8,0.000625,0.00045,0.075,1400
5.474304395,196133,11.88342375,Water,Pressure,0.00907925,1.367571925,0.000150626,0.022,0.00051,7,0.000314,0.001,0.6,1000
5.41006,112234,8.240240895,Water,Pressure,0.00188,1.35342742,0.000647917,0.03,0.00051,7,0.001963,0.0009,0.6,1000
11.05335938,1216017.656,18.66866251,FC-74,Pressure,0.0040264,1.353176203,0.00006,0.005,0.00015,13,0.000625,0.00079,0.064,1770
5.338135,500000,26.2,Water,Pressure,0.00171,1.33551,0.000781,0.2,0.008,7,0.000625,0.001,0.6,1000
11.23997368,1408444.334,16.46592433,FC-72,Pressure,0.00336988,1.32689025,0.00006,0.005,0.00015,12,0.000625,0.00064,0.057,1680
1.989866667,258000,14.0836927,Water,Gas,0.0264885,1.324425,0.00005,0.015,0.0001,7,0.00113411,0.001,0.6,1000
5.288666667,2000000,49.6,Water,Pressure,0.0033,1.32,0.0004,0.2,0.008,7,0.000625,0.001,0.6,1000
5.106457532,215746.3,12.46343997,Water,Pressure,0.00883019,1.297626018,0.000146953,0.02,0.00051,7,0.000314,0.001,0.6,1000
5.21178,112234,8.240240895,Water,Pressure,0.00188,1.268156898,0.000607096,0.03,0.00051,7,0.001963,0.0009,0.6,1000
4.959969532,215746.3,12.46343997,Water,Pressure,0.00853585,1.254371768,0.000146953,0.02,0.00051,7,0.000314,0.001,0.6,1000
10.70578125,1151875.429,17.836132,FC-74,Pressure,0.00372091,1.250508361,0.00006,0.005,0.00015,13,0.000625,0.00079,0.064,1770
7.940236283,400000,16.97056275,Water,Pressure,0.014,1.246,0.000089,0.00866,0.0003,7,0.0001,0.001,0.6,1000
20.33698333,272000,15.16047493,Water,Pressure,0.009013605,1.239370748,0.00055,0.0033,0.0007,7,0.000049,0.001,0.6,1000
9.4171,136000,10.72007463,Water,Pressure,0.009013605,1.239370748,0.00055,0.0033,0.0007,7,0.000049,0.001,0.6,1000
9.3245246,211501.2703,11.92887483,Water,Pressure,0.005,1.23047,0.000246094,0.254,0.000820313,7,0.00005,0.001,0.6,1000
4.842774234,215746.3,12.46343997,Water,Pressure,0.00824151,1.211117519,0.000146953,0.02,0.00051,7,0.000314,0.001,0.6,1000
10.38136,1985724.37,19.86295649,HFE-7000,Pressure,0.00257276,1.200621333,0.00006,0.005,0.00015,8,0.000625,0.00045,0.075,1400
7.963401035,205910.9459,11.77016926,Water,Pressure,0.005,1.17841,0.000235682,0.254,0.000785607,7,0.00005,0.001,0.6,1000
5.316801429,345000,19.18923138,PAO-2,Pressure,0.084693878,1.178139603,0.000027,0.004,0.00015,76,0.000049,0.00461,0.14,791.7
4.94624,112234,8.240240895,Water,Pressure,0.00188,1.171176833,0.00056067,0.03,0.00051,7,0.001963,0.0009,0.6,1000
3.513966372,345000,17.4633246,PSF-3,Pressure,0.043265306,1.169900311,0.000027,0.004,0.00015,47,0.000049,0.00269,0.113,898
11.00578947,1344302.108,15.32460364,FC-72,Pressure,0.00295723,1.164409313,0.00006,0.005,0.00015,12,0.000625,0.00064,0.057,1680
1.830941667,258000,14.0836927,Water,Gas,0.0231026,1.15513,0.00005,0.015,0.0001,7,0.00113411,0.001,0.6,1000
6.11099,1000000,36.1,Water,Pressure,0.00186,1.14948,0.000618,0.3,0.008,7,0.000625,0.001,0.6,1000
8.93396997,208706.1081,11.84978774,Water,Pressure,0.005,1.14545,0.00022909,0.254,0.000763633,7,0.00005,0.001,0.6,1000
9.017238938,1729400,46.4084488,PSF-3,Pressure,0.028367347,1.136381155,0.00004,0.004,0.00015,47,0.000049,0.00269,0.113,898
9.80203125,1087733.203,17.07856769,FC-74,Pressure,0.00337007,1.132599475,0.00006,0.005,0.00015,13,0.000625,0.00079,0.064,1770
17.94175,272000,15.16047493,Water,Pressure,0.009013605,1.12670068,0.0005,0.005,0.0007,7,0.000049,0.001,0.6,1000
6.375225,136000,10.72007463,Water,Pressure,0.009013605,1.12670068,0.0005,0.005,0.0007,7,0.000049,0.001,0.6,1000
3.789073333,1000000,36.1,Water,Pressure,0.00225,1.12275,0.000499,0.2,0.008,7,0.000625,0.001,0.6,1000
2.327725,293000,15.00861086,Water,Gas,0.0221914,1.10957,0.00005,0.015,0.0001,7,0.00113411,0.001,0.6,1000
4.58978,112234,8.240240895,Water,Pressure,0.00188,1.105239981,0.000529104,0.03,0.00051,7,0.001963,0.0009,0.6,1000
5.577,2000000,49.6,Water,Pressure,0.00211,1.0972,0.00052,0.4,0.008,7,0.000625,0.001,0.6,1000
7.740231126,200320.6216,11.6092943,Water,Pressure,0.005,1.09702,0.000219404,0.254,0.000731347,7,0.00005,0.001,0.6,1000
4.807525714,1385000,42.98504367,PAO-2,Pressure,0.091428571,1.083404772,0.000023,0.004,0.00015,76,0.000049,0.00461,0.14,791.7
6.900537213,197525.4595,11.52801497,Water,Pressure,0.005,1.08119,0.000216238,0.254,0.000720793,7,0.00005,0.001,0.6,1000
7.370519963,400000,16.97056275,Water,Pressure,0.012,1.068,0.000089,0.00866,0.0003,7,0.0001,0.001,0.6,1000
4.445588571,1212800,38.98005909,PAO-2,Pressure,0.076122449,1.058906198,0.000027,0.004,0.00015,76,0.000049,0.00461,0.14,791.7
4.32323,112234,8.240240895,Water,Pressure,0.00188,1.050612237,0.000502953,0.03,0.00051,7,0.001963,0.0009,0.6,1000
5.041663571,1557200,46.99002825,PAO-2,Pressure,0.107142857,1.048812364,0.000019,0.004,0.00015,76,0.000049,0.00461,0.14,791.7
4.30675601,294199.5,14.55416229,Water,Pressure,0.00772075,1.047012956,0.00013561,0.02,0.00051,7,0.000314,0.001,0.6,1000
16.00363,272000,15.16047493,Water,Pressure,0.009013605,1.036564626,0.00046,0.007,0.0007,7,0.000049,0.001,0.6,1000
4.189434667,136000,10.72007463,Water,Pressure,0.009013605,1.036564626,0.00046,0.007,0.0007,7,0.000049,0.001,0.6,1000
8.327045133,1557200,42.76367823,PSF-3,Pressure,0.023877551,1.028261437,0.000043,0.004,0.00015,47,0.000049,0.00269,0.113,898
3.92234,112234,8.240240895,Water,Pressure,0.00188,1.020459095,0.000488518,0.03,0.00051,7,0.001963,0.0009,0.6,1000
4.08,500000,26.2,Water,Pressure,0.001,1.02,0.00102,0.4,0.008,7,0.000625,0.001,0.6,1000
5.389725714,1729400,50.99501284,PAO-2,Pressure,0.122857143,1.012747939,0.000016,0.004,0.00015,76,0.000049,0.00461,0.14,791.7
7.52373911,203115.7838,11.69000853,Water,Pressure,0.005,1.00675,0.00020135,0.254,0.000671167,7,0.00005,0.001,0.6,1000
6.424336429,194730.2973,11.44615848,Water,Pressure,0.005,1.00642,0.000201284,0.254,0.000670947,7,0.00005,0.001,0.6,1000
4.158059354,294199.5,14.55416229,Water,Pressure,0.00731321,0.991746349,0.00013561,0.018,0.00051,7,0.000314,0.001,0.6,1000
9.106851563,999740,16.04183788,FC-74,Pressure,0.00294258,0.988930367,0.00006,0.005,0.00015,13,0.000625,0.00079,0.064,1770
2.948877876,207000,13.52703307,PSF-3,Pressure,0.036122449,0.976756392,0.000027,0.004,0.00015,47,0.000049,0.00269,0.113,898
6.875309735,1385000,39.11890766,PSF-3,Pressure,0.020612245,0.970216069,0.000047,0.004,0.00015,47,0.000049,0.00269,0.113,898
3.657,200000,17.2,Water,Pressure,0.0007,0.966,0.00138,0.3,0.008,7,0.000625,0.001,0.6,1000
4.049932769,294199.5,14.55416229,Water,Pressure,0.00704151,0.954901039,0.00013561,0.018,0.00051,7,0.000314,0.001,0.6,1000
4.032771429,1040600,34.9750745,PAO-2,Pressure,0.059795918,0.92421661,0.00003,0.004,0.00015,76,0.000049,0.00461,0.14,791.7
4.6629,207000,14.86391471,PAO-2,Pressure,0.066122449,0.919800558,0.000027,0.004,0.00015,76,0.000049,0.00461,0.14,791.7
1.665458333,258000,14.0836927,Water,Gas,0.0183126,0.91563,0.00005,0.015,0.0001,7,0.00113411,0.001,0.6,1000
8.620242188,947755.914,14.92991235,FC-74,Pressure,0.00256077,0.860613209,0.00006,0.005,0.00015,13,0.000625,0.00079,0.064,1770
3.708939118,392266,16.80569903,Water,Pressure,0.00672453,0.846438421,0.000125873,0.018,0.00051,7,0.000314,0.001,0.6,1000
5.768867257,1212800,35.47413709,PSF-3,Pressure,0.016326531,0.833891207,0.000051,0.004,0.00015,47,0.000049,0.00269,0.113,898
6.617412081,191935.1351,11.36371237,Water,Pressure,0.005,0.812156,0.000162431,0.254,0.000541437,7,0.00005,0.001,0.6,1000
4.122666667,2000000,49.6,Water,Pressure,0.00201,0.804,0.0004,0.3,0.008,7,0.000625,0.001,0.6,1000
3.58346447,392266,16.80569903,Water,Pressure,0.00629434,0.792289009,0.000125873,0.018,0.00051,7,0.000314,0.001,0.6,1000
3.560058333,500000,26.2,Water,Pressure,0.001,0.781,0.000781,0.3,0.008,7,0.000625,0.001,0.6,1000
6.431218449,189139.973,11.28066371,Water,Pressure,0.005,0.778001,0.0001556,0.254,0.000518667,7,0.00005,0.001,0.6,1000
1.478608333,224000,13.1229265,Water,Gas,0.0153292,0.76646,0.00005,0.015,0.0001,7,0.00113411,0.001,0.6,1000
3.0525,200000,17.2,Water,Pressure,0.00085,0.765,0.0009,0.2,0.008,7,0.000625,0.001,0.6,1000
3.93769,1000000,36.1,Water,Pressure,0.00123,0.76014,0.000618,0.4,0.008,7,0.000625,0.001,0.6,1000
4.409201062,1040600,31.82936652,PSF-3,Pressure,0.01244898,0.723114483,0.000058,0.004,0.00015,47,0.000049,0.00269,0.113,898
5.988086353,186344.8108,11.19699909,Water,Pressure,0.005,0.703782,0.000140756,0.254,0.000469188,7,0.00005,0.001,0.6,1000
3.025366667,2000000,49.6,Water,Pressure,0.00184,0.6808,0.00037,0.2,0.008,7,0.000625,0.001,0.6,1000
3.048473354,490332.5,18.78934272,Water,Pressure,0.00590943,0.667863962,0.000113017,0.018,0.00047,7,0.000314,0.001,0.6,1000
1.328366667,224000,13.1229265,Water,Gas,0.0131876,0.65938,0.00005,0.015,0.0001,7,0.00113411,0.001,0.6,1000
5.575165158,183549.6486,11.1127046,Water,Pressure,0.005,0.645813,0.000129163,0.254,0.000430542,7,0.00005,0.001,0.6,1000
4.970363916,180754.4865,11.0277658,Water,Pressure,0.005,0.636491,0.000127298,0.254,0.000424327,7,0.00005,0.001,0.6,1000
2.493336667,1000000,36.1,Water,Pressure,0.00125,0.62375,0.000499,0.3,0.008,7,0.000625,0.001,0.6,1000
2.890758624,490332.5,18.78934272,Water,Pressure,0.00550189,0.621805158,0.000113017,0.018,0.00047,7,0.000314,0.001,0.6,1000
2.5139,200000,17.2,Water,Pressure,0.00045,0.621,0.00138,0.4,0.008,7,0.000625,0.001,0.6,1000
3.213333333,2000000,49.6,Water,Pressure,0.00151,0.604,0.0004,0.4,0.008,7,0.000625,0.001,0.6,1000
4.971851133,177959.3243,10.94216767,Water,Pressure,0.005,0.592566,0.000118513,0.254,0.000395044,7,0.00005,0.001,0.6,1000
2.778099863,490332.5,18.78934272,Water,Pressure,0.00520755,0.588539838,0.000113017,0.018,0.00047,7,0.000314,0.001,0.6,1000
1.207616667,224000,13.1229265,Water,Gas,0.0116596,0.58298,0.00005,0.015,0.0001,7,0.00113411,0.001,0.6,1000
2.465475,500000,26.2,Water,Pressure,0.00087,0.55593,0.000639,0.2,0.008,7,0.000625,0.001,0.6,1000
2.811366667,1000000,36.1,Water,Pressure,0.00123,0.53751,0.000437,0.2,0.008,7,0.000625,0.001,0.6,1000
4.370840834,172369,10.76893046,Water,Pressure,0.005,0.535972,0.000107194,0.254,0.000357315,7,0.00005,0.001,0.6,1000
5.542200865,400000,15,Water,Pressure,0.00246,0.52770444,0.000214514,0.0100037,0.00064,7,0.0019635,0.001,0.6,1000
4.974504793,175164.1622,10.85589463,Water,Pressure,0.005,0.520998,0.0001042,0.254,0.000347332,7,0.00005,0.001,0.6,1000
5.535075384,400000,15,Water,Pressure,0.00246,0.5165385,0.000209975,0.0130909,0.00064,7,0.0019635,0.001,0.6,1000
1.111091667,307000,15.3629945,Water,Gas,0.010309,0.51545,0.00005,0.015,0.0001,7,0.00113411,0.001,0.6,1000
6.61167005,400000,15,Water,Pressure,0.00246,0.50537256,0.000205436,0.029974,0.00064,7,0.0019635,0.001,0.6,1000
6.449002502,400000,15,Water,Pressure,0.00246,0.5019384,0.00020404,0.028141,0.00064,7,0.0019635,0.001,0.6,1000
5.703241332,400000,15,Water,Pressure,0.00246,0.49850178,0.000202643,0.0150204,0.00064,7,0.0019635,0.001,0.6,1000
1.883675,293000,15.00861086,Water,Gas,0.00991081,0.4955405,0.00005,0.019,0.0001,7,0.00113411,0.001,0.6,1000
4.953934664,300000,13.3,Water,Pressure,0.002181,0.494504673,0.000226733,0.0101002,0.00064,7,0.0019635,0.001,0.6,1000
6.212109904,400000,15,Water,Pressure,0.00246,0.492492,0.0002002,0.025102,0.00064,7,0.0019635,0.001,0.6,1000
6.022882241,400000,15,Water,Pressure,0.00246,0.48991392,0.000199152,0.0231243,0.00064,7,0.0019635,0.001,0.6,1000
4.994655855,300000,13.3,Water,Pressure,0.002181,0.489174309,0.000224289,0.0129462,0.00064,7,0.0019635,0.001,0.6,1000
5.876895764,400000,15,Water,Pressure,0.00246,0.4873383,0.000198105,0.0201336,0.00064,7,0.0019635,0.001,0.6,1000
5.669051922,400000,15,Water,Pressure,0.00246,0.4873383,0.000198105,0.0180111,0.00064,7,0.0019635,0.001,0.6,1000
2.33887833,735498.75,23.01215114,Water,Pressure,0.00477736,0.486096786,0.00010175,0.018,0.00047,7,0.000314,0.001,0.6,1000
5.731605168,300000,13.3,Water,Pressure,0.002181,0.483843945,0.000221845,0.0279963,0.00064,7,0.0019635,0.001,0.6,1000
5.838776317,300000,13.3,Water,Pressure,0.002181,0.483082776,0.000221496,0.0301187,0.00064,7,0.0019635,0.001,0.6,1000
5.56274933,300000,13.3,Water,Pressure,0.002181,0.482321607,0.000221147,0.0250056,0.00064,7,0.0019635,0.001,0.6,1000
1.828841667,500000,26.2,Water,Pressure,0.00061,0.47641,0.000781,0.4,0.008,7,0.000625,0.001,0.6,1000
1.500175,300000,15.18683641,Water,Gas,0.0095067,0.475335,0.00005,0.019,0.0001,7,0.00113411,0.001,0.6,1000
5.417849621,300000,13.3,Water,Pressure,0.002181,0.474707736,0.000217656,0.0229796,0.00064,7,0.0019635,0.001,0.6,1000
4.986006951,300000,13.3,Water,Pressure,0.002181,0.471660879,0.000216259,0.0150686,0.00064,7,0.0019635,0.001,0.6,1000
5.238468875,300000,13.3,Water,Pressure,0.002181,0.47089971,0.00021591,0.0198924,0.00064,7,0.0019635,0.001,0.6,1000
5.071693341,300000,13.3,Water,Pressure,0.002181,0.470138541,0.000215561,0.0180594,0.00064,7,0.0019635,0.001,0.6,1000
2.29843902,686465.5,22.23185013,Water,Pressure,0.00450566,0.466717056,0.000103585,0.015,0.00047,7,0.000314,0.001,0.6,1000
2.21057,1000000,36.1,Water,Pressure,0.00091,0.45409,0.000499,0.4,0.008,7,0.000625,0.001,0.6,1000
1.269483333,258000,14.0836927,Water,Gas,0.00795682,0.397841,0.00005,0.019,0.0001,7,0.00113411,0.001,0.6,1000
2.049640269,686465.5,22.23185013,Water,Pressure,0.00405283,0.397586623,9.81E-05,0.015,0.00043,7,0.000314,0.001,0.6,1000
2.2485,200000,17.2,Water,Pressure,0.00044,0.396,0.0009,0.3,0.008,7,0.000625,0.001,0.6,1000
1.672933333,293000,15.00861086,Water,Gas,0.00774885,0.3874425,0.00005,0.019,0.0001,7,0.00113411,0.001,0.6,1000
2.068916667,2000000,49.6,Water,Pressure,0.00103,0.3811,0.00037,0.3,0.008,7,0.000625,0.001,0.6,1000
7.050184615,908772.6417,18.80650121,FC-40,Pressure,0.00425938,0.347640574,0.00006,0.005,0.00015,57,0.000625,0.0034,0.065,1850
1.036308333,258000,14.0836927,Water,Gas,0.00665891,0.3329455,0.00005,0.019,0.0001,7,0.00113411,0.001,0.6,1000
6.844846154,856775.7764,18.26055502,FC-40,Pressure,0.00399964,0.326441206,0.00006,0.005,0.00015,57,0.000625,0.0034,0.065,1850
1.7458722,400000,16.97056275,Water,Pressure,0.002955,0.31914,0.000108,0.0235238,0.0004,7,0.0009,0.001,0.6,1000
1.7291826,400000,16.97056275,Water,Pressure,0.002955,0.31914,0.000108,0.0209524,0.0004,7,0.0009,0.001,0.6,1000
1.7068914,400000,16.97056275,Water,Pressure,0.002955,0.31914,0.000108,0.0177143,0.0004,7,0.0009,0.001,0.6,1000
1.6709634,400000,16.97056275,Water,Pressure,0.002955,0.31914,0.000108,0.0259048,0.0004,7,0.0009,0.001,0.6,1000
1.6157088,400000,16.97056275,Water,Pressure,0.002955,0.31914,0.000108,0.0153333,0.0004,7,0.0009,0.001,0.6,1000
1.5672186,400000,16.97056275,Water,Pressure,0.002955,0.31914,0.000108,0.0293333,0.0004,7,0.0009,0.001,0.6,1000
1.520946,400000,16.97056275,Water,Pressure,0.002955,0.31914,0.000108,0.0317143,0.0004,7,0.0009,0.001,0.6,1000
1.5130548,400000,16.97056275,Water,Pressure,0.002955,0.31914,0.000108,0.0130476,0.0004,7,0.0009,0.001,0.6,1000
1.4457816,400000,16.97056275,Water,Pressure,0.002955,0.31914,0.000108,0.0354286,0.0004,7,0.0009,0.001,0.6,1000
1.578272306,600000,22.5166605,Water,Pressure,0.00324963,0.315823207,9.72E-05,0.0171698,0.0004,7,0.0009,0.001,0.6,1000
1.537639854,600000,22.5166605,Water,Pressure,0.00324963,0.315823207,9.72E-05,0.0190566,0.0004,7,0.0009,0.001,0.6,1000
1.522094722,600000,22.5166605,Water,Pressure,0.00324963,0.315823207,9.72E-05,0.0216038,0.0004,7,0.0009,0.001,0.6,1000
1.501492603,600000,22.5166605,Water,Pressure,0.00324963,0.315823207,9.72E-05,0.0242453,0.0004,7,0.0009,0.001,0.6,1000
1.483095019,600000,22.5166605,Water,Pressure,0.00324963,0.315823207,9.72E-05,0.0137736,0.0004,7,0.0009,0.001,0.6,1000
1.470940109,600000,22.5166605,Water,Pressure,0.00324963,0.315823207,9.72E-05,0.0261321,0.0004,7,0.0009,0.001,0.6,1000
1.435332248,600000,22.5166605,Water,Pressure,0.00324963,0.315823207,9.72E-05,0.0281132,0.0004,7,0.0009,0.001,0.6,1000
1.407964263,600000,22.5166605,Water,Pressure,0.00324963,0.315823207,9.72E-05,0.0110377,0.0004,7,0.0009,0.001,0.6,1000
1.379566091,600000,22.5166605,Water,Pressure,0.00324963,0.315823207,9.72E-05,0.0300943,0.0004,7,0.0009,0.001,0.6,1000
1.298492323,600000,22.5166605,Water,Pressure,0.00324963,0.315823207,9.72E-05,0.0327358,0.0004,7,0.0009,0.001,0.6,1000
1.222585687,600000,22.5166605,Water,Pressure,0.00324963,0.315823207,9.72E-05,0.0346226,0.0004,7,0.0009,0.001,0.6,1000
1.136584515,600000,22.5166605,Water,Pressure,0.00324963,0.315823207,9.72E-05,0.0366038,0.0004,7,0.0009,0.001,0.6,1000
6.434169231,782063.6951,17.4462241,FC-40,Pressure,0.00367892,0.300264794,0.00006,0.005,0.00015,57,0.000625,0.0034,0.065,1850
1.618260937,1470997.5,32.54409624,Water,Pressure,0.00369057,0.297193687,8.05E-05,0.015,0.00043,7,0.000314,0.001,0.6,1000
1.5675,200000,17.2,Water,Pressure,0.00033,0.297,0.0009,0.4,0.008,7,0.000625,0.001,0.6,1000
1.65670873,550000,20.5630737,Water,Pressure,0.002907407,0.289003634,9.94E-05,0.020414,0.0004,7,0.0009,0.001,0.6,1000
1.621260133,550000,20.5630737,Water,Pressure,0.002907407,0.289003634,9.94E-05,0.0185032,0.0004,7,0.0009,0.001,0.6,1000
1.58580988,550000,20.5630737,Water,Pressure,0.002907407,0.289003634,9.94E-05,0.0171656,0.0004,7,0.0009,0.001,0.6,1000
1.555425842,550000,20.5630737,Water,Pressure,0.002907407,0.289003634,9.94E-05,0.0157643,0.0004,7,0.0009,0.001,0.6,1000
1.555425842,550000,20.5630737,Water,Pressure,0.002907407,0.289003634,9.94E-05,0.0225159,0.0004,7,0.0009,0.001,0.6,1000
1.48959155,550000,20.5630737,Water,Pressure,0.002907407,0.289003634,9.94E-05,0.0240446,0.0004,7,0.0009,0.001,0.6,1000
1.413628141,550000,20.5630737,Water,Pressure,0.002907407,0.289003634,9.94E-05,0.0257006,0.0004,7,0.0009,0.001,0.6,1000
1.373114986,550000,20.5630737,Water,Pressure,0.002907407,0.289003634,9.94E-05,0.0263376,0.0004,7,0.0009,0.001,0.6,1000
1.332601831,550000,20.5630737,Water,Pressure,0.002907407,0.289003634,9.94E-05,0.0275478,0.0004,7,0.0009,0.001,0.6,1000
1.281959558,550000,20.5630737,Water,Pressure,0.002907407,0.289003634,9.94E-05,0.028758,0.0004,7,0.0009,0.001,0.6,1000
1.18067667,550000,20.5630737,Water,Pressure,0.002907407,0.289003634,9.94E-05,0.0296497,0.0004,7,0.0009,0.001,0.6,1000
1.135098956,550000,20.5630737,Water,Pressure,0.002907407,0.289003634,9.94E-05,0.0319427,0.0004,7,0.0009,0.001,0.6,1000
1.094585801,550000,20.5630737,Water,Pressure,0.002907407,0.289003634,9.94E-05,0.0337261,0.0004,7,0.0009,0.001,0.6,1000
1.389825,500000,26.2,Water,Pressure,0.00045,0.28755,0.000639,0.3,0.008,7,0.000625,0.001,0.6,1000
6.023469231,717040.4574,16.70522057,FC-40,Pressure,0.0033735,0.275337132,0.00006,0.005,0.00015,57,0.000625,0.0034,0.065,1850
1.521936201,1470997.5,32.54409624,Water,Pressure,0.00341887,0.275314269,8.05E-05,0.015,0.00043,7,0.000314,0.001,0.6,1000
2.070651667,1000000,36.1,Water,Pressure,0.00062,0.27094,0.000437,0.3,0.008,7,0.000625,0.001,0.6,1000
0.931341667,244000,13.69624766,Water,Gas,0.00535062,0.267531,0.00005,0.019,0.0001,7,0.00113411,0.001,0.6,1000
1.356666667,2000000,49.6,Water,Pressure,0.00072,0.2664,0.00037,0.4,0.008,7,0.000625,0.001,0.6,1000
5.202092308,632628.883,15.69115426,FC-40,Pressure,0.00297673,0.242953699,0.00006,0.005,0.00015,57,0.000625,0.0034,0.065,1850
5.370232,400000,14,Water,Pressure,0.001184,0.241536,0.000204,0.00511968,0.00046,7,0.0019635,0.001,0.6,1000
5.335224,400000,14,Water,Pressure,0.001184,0.239168,0.000202,0.0076104,0.00046,7,0.0019635,0.001,0.6,1000
1.363938861,1470997.5,32.54409624,Water,Pressure,0.0030566,0.235493251,7.70E-05,0.015,0.0004,7,0.000314,0.001,0.6,1000
1.387012878,980665,26.57214331,Water,Pressure,0.00273962,0.234443297,8.56E-05,0.015,0.0004,7,0.000314,0.001,0.6,1000
5.216607,400000,14,Water,Pressure,0.001184,0.234432,0.000198,0.00986066,0.00046,7,0.0019635,0.001,0.6,1000
5.008224,400000,14,Water,Pressure,0.001184,0.227328,0.000192,0.0129956,0.00046,7,0.0019635,0.001,0.6,1000
0.751156667,224000,13.1229265,Water,Gas,0.00453922,0.226961,0.00005,0.019,0.0001,7,0.00113411,0.001,0.6,1000
4.762065,300000,12.5,Water,Pressure,0.001057,0.22197,0.00021,0.00503923,0.00046,7,0.0019635,0.001,0.6,1000
4.716544167,400000,14,Water,Pressure,0.001184,0.21904,0.000185,0.0150873,0.00046,7,0.0019635,0.001,0.6,1000
4.668806667,300000,12.5,Water,Pressure,0.001057,0.216685,0.000205,0.00700746,0.00046,7,0.0019635,0.001,0.6,1000
4.859838462,547968.1121,14.60353605,FC-40,Pressure,0.00259479,0.211780654,0.00006,0.005,0.00015,57,0.000625,0.0034,0.065,1850
1.31024059,980665,26.57214331,Water,Pressure,0.00246792,0.211192538,8.56E-05,0.015,0.0004,7,0.000314,0.001,0.6,1000
1.102275,500000,26.2,Water,Pressure,0.00033,0.21087,0.000639,0.4,0.008,7,0.000625,0.001,0.6,1000
4.044516,400000,14,Water,Pressure,0.001184,0.210752,0.000178,0.0230136,0.00046,7,0.0019635,0.001,0.6,1000
4.532158667,300000,12.5,Water,Pressure,0.001057,0.210343,0.000199,0.00994049,0.00046,7,0.0019635,0.001,0.6,1000
4.1956965,400000,14,Water,Pressure,0.001184,0.209568,0.000177,0.0198757,0.00046,7,0.0019635,0.001,0.6,1000
3.8633495,400000,14,Water,Pressure,0.001184,0.209568,0.000177,0.0249056,0.00046,7,0.0019635,0.001,0.6,1000
4.304941667,400000,14,Water,Pressure,0.001184,0.2072,0.000175,0.0178632,0.00046,7,0.0019635,0.001,0.6,1000
4.254894,300000,12.5,Water,Pressure,0.001057,0.199773,0.000189,0.0130356,0.00046,7,0.0019635,0.001,0.6,1000
1.352833333,293000,15.00861086,Water,Gas,0.00396689,0.1983445,0.00005,0.023,0.0001,7,0.00113411,0.001,0.6,1000
0.377624247,274800,14.76943601,Water,Pressure,0.0045,0.198,0.000044,0.013,0.000491,7,0.0007,0.001,0.6,1000
3.554558333,300000,12.5,Water,Pressure,0.001057,0.197659,0.000187,0.0248669,0.00046,7,0.0019635,0.001,0.6,1000
0.37173032,274800,14.76943601,Water,Pressure,0.0044,0.1936,0.000044,0.013,0.000491,7,0.0007,0.001,0.6,1000
3.5534635,300000,12.5,Water,Pressure,0.001057,0.193431,0.000183,0.022896,0.00046,7,0.0019635,0.001,0.6,1000
4.034727667,300000,12.5,Water,Pressure,0.001057,0.192374,0.000182,0.0150464,0.00046,7,0.0019635,0.001,0.6,1000
1.456666667,1000000,36.1,Water,Pressure,0.00044,0.19228,0.000437,0.4,0.008,7,0.000625,0.001,0.6,1000
3.72807,300000,12.5,Water,Pressure,0.001057,0.19026,0.00018,0.0190721,0.00046,7,0.0019635,0.001,0.6,1000
3.818726333,300000,12.5,Water,Pressure,0.001057,0.189203,0.000179,0.0180643,0.00046,7,0.0019635,0.001,0.6,1000
0.365796067,274800,14.76943601,Water,Pressure,0.0043,0.1892,0.000044,0.013,0.000491,7,0.0007,0.001,0.6,1000
0.359820262,274800,14.76943601,Water,Pressure,0.0042,0.1848,0.000044,0.013,0.000491,7,0.0007,0.001,0.6,1000
0.675071667,258000,14.0836927,Water,Gas,0.00364739,0.1823695,0.00005,0.019,0.0001,7,0.00113411,0.001,0.6,1000
0.353801616,274800,14.76943601,Water,Pressure,0.0041,0.1804,0.000044,0.013,0.000491,7,0.0007,0.001,0.6,1000
4.770253333,162000,10.8,Water,Pressure,0.002210487,0.176838959,0.00008,0.0331788,0.0002,7,0.000452389,0.001,0.6,1000
4.723773333,162000,10.8,Water,Pressure,0.002210487,0.176838959,0.00008,0.0362162,0.0002,7,0.000452389,0.001,0.6,1000
4.686586667,162000,10.8,Water,Pressure,0.002210487,0.176838959,0.00008,0.039051,0.0002,7,0.000452389,0.001,0.6,1000
4.584333333,162000,10.8,Water,Pressure,0.002210487,0.176838959,0.00008,0.0420897,0.0002,7,0.000452389,0.001,0.6,1000
4.454186667,162000,10.8,Water,Pressure,0.002210487,0.176838959,0.00008,0.0458375,0.0002,7,0.000452389,0.001,0.6,1000
4.361226667,162000,10.8,Water,Pressure,0.002210487,0.176838959,0.00008,0.0497868,0.0002,7,0.000452389,0.001,0.6,1000
4.193893333,162000,10.8,Water,Pressure,0.002210487,0.176838959,0.00008,0.05475,0.0002,7,0.000452389,0.001,0.6,1000
4.11952,162000,10.8,Water,Pressure,0.002210487,0.176838959,0.00008,0.0580917,0.0002,7,0.000452389,0.001,0.6,1000
3.98008,162000,10.8,Water,Pressure,0.002210487,0.176838959,0.00008,0.0624469,0.0002,7,0.000452389,0.001,0.6,1000
3.766266667,162000,10.8,Water,Pressure,0.002210487,0.176838959,0.00008,0.0658929,0.0002,7,0.000452389,0.001,0.6,1000
3.571053333,162000,10.8,Water,Pressure,0.002210487,0.176838959,0.00008,0.0702493,0.0002,7,0.000452389,0.001,0.6,1000
3.375826667,162000,10.8,Water,Pressure,0.002210487,0.176838959,0.00008,0.0726827,0.0002,7,0.000452389,0.001,0.6,1000
3.180613333,162000,10.8,Water,Pressure,0.002210487,0.176838959,0.00008,0.0744076,0.0002,7,0.000452389,0.001,0.6,1000
2.9668,162000,10.8,Water,Pressure,0.002210487,0.176838959,0.00008,0.076639,0.0002,7,0.000452389,0.001,0.6,1000
2.87384,162000,10.8,Water,Pressure,0.002210487,0.176838959,0.00008,0.0779568,0.0002,7,0.000452389,0.001,0.6,1000
0.347738764,274800,14.76943601,Water,Pressure,0.004,0.176,0.000044,0.013,0.000491,7,0.0007,0.001,0.6,1000
0.341630265,274800,14.76943601,Water,Pressure,0.0039,0.1716,0.000044,0.013,0.000491,7,0.0007,0.001,0.6,1000
1.104191667,293000,15.00861086,Water,Gas,0.0034117,0.170585,0.00005,0.023,0.0001,7,0.00113411,0.001,0.6,1000
0.33547459,274800,14.76943601,Water,Pressure,0.0038,0.1672,0.000044,0.013,0.000491,7,0.0007,0.001,0.6,1000
0.329270118,274800,14.76943601,Water,Pressure,0.0037,0.1628,0.000044,0.013,0.000491,7,0.0007,0.001,0.6,1000
0.323015129,274800,14.76943601,Water,Pressure,0.0036,0.1584,0.000044,0.013,0.000491,7,0.0007,0.001,0.6,1000
0.316707788,274800,14.76943601,Water,Pressure,0.0035,0.154,0.000044,0.013,0.000491,7,0.0007,0.001,0.6,1000
0.628829167,307000,15.3629945,Water,Gas,0.00301222,0.150611,0.00005,0.019,0.0001,7,0.00113411,0.001,0.6,1000
0.310346145,274800,14.76943601,Water,Pressure,0.0034,0.1496,0.000044,0.013,0.000491,7,0.0007,0.001,0.6,1000
1.37049375,300000,17.1464282,R-134a,Pressure,0.000558301,0.149527461,0.00005,0.09,0.00051,13,0.0064,0.00023,0.01409,1232
0.879825,258000,14.0836927,Water,Gas,0.00297434,0.148717,0.00005,0.023,0.0001,7,0.00113411,0.001,0.6,1000
0.303928111,274800,14.76943601,Water,Pressure,0.0033,0.1452,0.000044,0.013,0.000491,7,0.0007,0.001,0.6,1000
0.297451455,274800,14.76943601,Water,Pressure,0.0032,0.1408,0.000044,0.013,0.000491,7,0.0007,0.001,0.6,1000
0.290913783,274800,14.76943601,Water,Pressure,0.0031,0.1364,0.000044,0.013,0.000491,7,0.0007,0.001,0.6,1000
0.284312524,274800,14.76943601,Water,Pressure,0.003,0.132,0.000044,0.013,0.000491,7,0.0007,0.001,0.6,1000
0.277644907,274800,14.76943601,Water,Pressure,0.0029,0.1276,0.000044,0.013,0.000491,7,0.0007,0.001,0.6,1000
0.27090794,274800,14.76943601,Water,Pressure,0.0028,0.1232,0.000044,0.013,0.000491,7,0.0007,0.001,0.6,1000
0.565095833,244000,13.69624766,Water,Gas,0.00245367,0.1226835,0.00005,0.019,0.0001,7,0.00113411,0.001,0.6,1000
0.264098386,274800,14.76943601,Water,Pressure,0.0027,0.1188,0.000044,0.013,0.000491,7,0.0007,0.001,0.6,1000
0.257212728,274800,14.76943601,Water,Pressure,0.0026,0.1144,0.000044,0.013,0.000491,7,0.0007,0.001,0.6,1000
0.250247138,274800,14.76943601,Water,Pressure,0.0025,0.11,0.000044,0.013,0.000491,7,0.0007,0.001,0.6,1000
0.24319743,274800,14.76943601,Water,Pressure,0.0024,0.1056,0.000044,0.013,0.000491,7,0.0007,0.001,0.6,1000
0.236059019,274800,14.76943601,Water,Pressure,0.0023,0.1012,0.000044,0.013,0.000491,7,0.0007,0.001,0.6,1000
0.526460833,244000,13.69624766,Water,Gas,0.0019718,0.09859,0.00005,0.019,0.0001,7,0.00113411,0.001,0.6,1000
0.228826854,274800,14.76943601,Water,Pressure,0.0022,0.0968,0.000044,0.013,0.000491,7,0.0007,0.001,0.6,1000
0.988474375,500000,22.13594362,R-134a,Pressure,0.000494495,0.092707026,0.000035,0.09,0.00051,13,0.0064,0.00023,0.01409,1232
0.5022675,244000,13.69624766,Water,Gas,0.00165093,0.0825465,0.00005,0.019,0.0001,7,0.00113411,0.001,0.6,1000
0.8082515,700000,26.19160171,R-134a,Pressure,0.000430689,0.064595863,0.000028,0.09,0.00051,13,0.0064,0.00023,0.01409,1232
0.473640833,200000,12.4,Water,Gas,0.00129102,0.064551,0.00005,0.023,0.0001,7,0.00113411,0.001,0.6,1000
0.497551667,258000,14.0836927,Water,Gas,0.0010099,0.050495,0.00005,0.023,0.0001,7,0.00113411,0.001,0.6,1000
0.510390833,258000,14.0836927,Water,Gas,0.000758235,0.03791175,0.00005,0.023,0.0001,7,0.00113411,0.001,0.6,1000
