P,Fluid,um,Q,Re,Nu,dd,H,dn,Pr,At,mio,k,rho
550000,water,20.5630737,2.907407,0.289003634,1.555425842,9.94E+01,1.58E+01,4.00E+02,7,9,1,0.6,1000
550000,water,20.5630737,2.907407,0.289003634,1.58580988,9.94E+01,1.72E+01,4.00E+02,7,9,1,0.6,1000
550000,water,20.5630737,2.907407,0.289003634,1.621260133,9.94E+01,1.85E+01,4.00E+02,7,9,1,0.6,1000
550000,water,20.5630737,2.907407,0.289003634,1.65670873,9.94E+01,2.04E+01,4.00E+02,7,9,1,0.6,1000
550000,water,20.5630737,2.907407,0.289003634,1.555425842,9.94E+01,2.25E+01,4.00E+02,7,9,1,0.6,1000
550000,water,20.5630737,2.907407,0.289003634,1.48959155,9.94E+01,2.40E+01,4.00E+02,7,9,1,0.6,1000
550000,water,20.5630737,2.907407,0.289003634,1.413628141,9.94E+01,2.57E+01,4.00E+02,7,9,1,0.6,1000
550000,water,20.5630737,2.907407,0.289003634,1.373114986,9.94E+01,2.63E+01,4.00E+02,7,9,1,0.6,1000
550000,water,20.5630737,2.907407,0.289003634,1.332601831,9.94E+01,2.75E+01,4.00E+02,7,9,1,0.6,1000
550000,water,20.5630737,2.907407,0.289003634,1.281959558,9.94E+01,2.88E+01,4.00E+02,7,9,1,0.6,1000
550000,water,20.5630737,2.907407,0.289003634,1.18067667,9.94E+01,2.96E+01,4.00E+02,7,9,1,0.6,1000
550000,water,20.5630737,2.907407,0.289003634,1.135098956,9.94E+01,3.19E+01,4.00E+02,7,9,1,0.6,1000
550000,water,20.5630737,2.907407,0.289003634,1.094585801,9.94E+01,3.37E+01,4.00E+02,7,9,1,0.6,1000
400000,water,16.97056275,2.955,0.31914,1.5130548,1.08E+02,1.30E+01,4.00E+02,7,9,1,0.6,1000
400000,water,16.97056275,2.955,0.31914,1.6157088,1.08E+02,1.53E+01,4.00E+02,7,9,1,0.6,1000
400000,water,16.97056275,2.955,0.31914,1.7068914,1.08E+02,1.77E+01,4.00E+02,7,9,1,0.6,1000
400000,water,16.97056275,2.955,0.31914,1.7291826,1.08E+02,2.10E+01,4.00E+02,7,9,1,0.6,1000
400000,water,16.97056275,2.955,0.31914,1.7458722,1.08E+02,2.35E+01,4.00E+02,7,9,1,0.6,1000
400000,water,16.97056275,2.955,0.31914,1.6709634,1.08E+02,2.59E+01,4.00E+02,7,9,1,0.6,1000
400000,water,16.97056275,2.955,0.31914,1.5672186,1.08E+02,2.93E+01,4.00E+02,7,9,1,0.6,1000
400000,water,16.97056275,2.955,0.31914,1.520946,1.08E+02,3.17E+01,4.00E+02,7,9,1,0.6,1000
400000,water,16.97056275,2.955,0.31914,1.4457816,1.08E+02,3.54E+01,4.00E+02,7,9,1,0.6,1000
600000,water,22.5166605,3.24963,0.315823207,1.407964263,9.72E+01,1.10E+01,4.00E+02,7,9,1,0.6,1000
600000,water,22.5166605,3.24963,0.315823207,1.483095019,9.72E+01,1.38E+01,4.00E+02,7,9,1,0.6,1000
600000,water,22.5166605,3.24963,0.315823207,1.578272306,9.72E+01,1.72E+01,4.00E+02,7,9,1,0.6,1000
600000,water,22.5166605,3.24963,0.315823207,1.537639854,9.72E+01,1.91E+01,4.00E+02,7,9,1,0.6,1000
600000,water,22.5166605,3.24963,0.315823207,1.522094722,9.72E+01,2.16E+01,4.00E+02,7,9,1,0.6,1000
600000,water,22.5166605,3.24963,0.315823207,1.501492603,9.72E+01,2.42E+01,4.00E+02,7,9,1,0.6,1000
600000,water,22.5166605,3.24963,0.315823207,1.470940109,9.72E+01,2.61E+01,4.00E+02,7,9,1,0.6,1000
600000,water,22.5166605,3.24963,0.315823207,1.435332248,9.72E+01,2.81E+01,4.00E+02,7,9,1,0.6,1000
600000,water,22.5166605,3.24963,0.315823207,1.379566091,9.72E+01,3.01E+01,4.00E+02,7,9,1,0.6,1000
600000,water,22.5166605,3.24963,0.315823207,1.298492323,9.72E+01,3.27E+01,4.00E+02,7,9,1,0.6,1000
600000,water,22.5166605,3.24963,0.315823207,1.222585687,9.72E+01,3.46E+01,4.00E+02,7,9,1,0.6,1000
600000,water,22.5166605,3.24963,0.315823207,1.136584515,9.72E+01,3.66E+01,4.00E+02,7,9,1,0.6,1000
460000,water,15.77238092,44.715846,5.965382933,9.112039498,1.33E+02,2.30E+01,6.00E+02,7,4,1,0.6,1000
460000,water,15.77238092,43.428592,5.793654847,8.930695644,1.33E+02,2.30E+01,6.00E+02,7,4,1,0.6,1000
460000,water,15.77238092,47.060302,6.278148548,9.438196069,1.33E+02,2.30E+01,6.00E+02,7,4,1,0.6,1000
460000,water,15.77238092,44.98817,6.001712684,9.150193747,1.33E+02,2.30E+01,6.00E+02,7,4,1,0.6,1000
460000,water,15.77238092,46.554516,6.210673424,9.368268847,1.33E+02,2.30E+01,6.00E+02,7,4,1,0.6,1000
460000,water,15.77238092,45.640112,6.088685967,9.241243659,1.33E+02,2.30E+01,6.00E+02,7,4,1,0.6,1000
360000,water,13.95306418,37.230713,5.292369477,8.559221434,1.42E+02,2.30E+01,6.00E+02,7,4,1,0.6,1000
360000,water,13.95306418,36.440159,5.179991817,8.433726115,1.42E+02,2.30E+01,6.00E+02,7,4,1,0.6,1000
360000,water,13.95306418,36.02901,5.12154668,8.368123597,1.42E+02,2.30E+01,6.00E+02,7,4,1,0.6,1000
360000,water,13.95306418,40.237621,5.719803403,9.029171435,1.42E+02,2.30E+01,6.00E+02,7,4,1,0.6,1000
360000,water,13.95306418,39.016921,5.546280117,8.839755713,1.42E+02,2.30E+01,6.00E+02,7,4,1,0.6,1000
360000,water,13.95306418,40.915333,5.816140622,9.133557384,1.42E+02,2.30E+01,6.00E+02,7,4,1,0.6,1000
360000,water,13.95306418,40.864298,5.808885891,9.125715408,1.42E+02,2.30E+01,6.00E+02,7,4,1,0.6,1000
260000,water,11.85782442,31.970337,4.944248232,8.385157679,1.55E+02,2.30E+01,6.00E+02,7,4,1,0.6,1000
260000,water,11.85782442,30.855383,4.771819453,8.182796695,1.55E+02,2.30E+01,6.00E+02,7,4,1,0.6,1000
260000,water,11.85782442,29.390499,4.545273384,7.913420228,1.55E+02,2.30E+01,6.00E+02,7,4,1,0.6,1000
260000,water,11.85782442,31.872995,4.929194154,8.367579002,1.55E+02,2.30E+01,6.00E+02,7,4,1,0.6,1000
260000,water,11.85782442,33.287249,5.147910139,8.621361482,1.55E+02,2.30E+01,6.00E+02,7,4,1,0.6,1000
260000,water,11.85782442,33.630807,5.20104177,8.682500223,1.55E+02,2.30E+01,6.00E+02,7,4,1,0.6,1000
260000,water,11.85782442,33.935885,5.248222447,8.736628113,1.55E+02,2.30E+01,6.00E+02,7,4,1,0.6,1000
160000,water,9.302042786,23.951845,4.200519871,7.79500326,1.75E+02,2.30E+01,6.00E+02,7,4,1,0.6,1000
160000,water,9.302042786,26.634386,4.670966735,8.385807499,1.75E+02,2.30E+01,6.00E+02,7,4,1,0.6,1000
160000,water,9.302042786,26.601074,4.66512459,8.378587954,1.75E+02,2.30E+01,6.00E+02,7,4,1,0.6,1000
160000,water,9.302042786,24.517944,4.299798662,7.921330669,1.75E+02,2.30E+01,6.00E+02,7,4,1,0.6,1000
160000,water,9.302042786,26.173623,4.590161038,8.285698434,1.75E+02,2.30E+01,6.00E+02,7,4,1,0.6,1000
160000,water,9.302042786,28.20296,4.946053001,8.722641618,1.75E+02,2.30E+01,6.00E+02,7,4,1,0.6,1000
160000,water,9.302042786,29.912728,5.245901074,9.083209623,1.75E+02,2.30E+01,6.00E+02,7,4,1,0.6,1000
172369,water,10.76893046,5,0.535972,4.370840834,1.07E+02,2.54E+02,3.57E+02,7,0.5,1,0.6,1000
175164.1622,water,10.85589463,5,0.520998,4.974504793,1.04E+02,2.54E+02,3.47E+02,7,0.5,1,0.6,1000
177959.3243,water,10.94216767,5,0.592566,4.971851133,1.19E+02,2.54E+02,3.95E+02,7,0.5,1,0.6,1000
180754.4865,water,11.0277658,5,0.636491,4.970363916,1.27E+02,2.54E+02,4.24E+02,7,0.5,1,0.6,1000
183549.6486,water,11.1127046,5,0.645813,5.575165158,1.29E+02,2.54E+02,4.31E+02,7,0.5,1,0.6,1000
186344.8108,water,11.19699909,5,0.703782,5.988086353,1.41E+02,2.54E+02,4.69E+02,7,0.5,1,0.6,1000
189139.973,water,11.28066371,5,0.778001,6.431218449,1.56E+02,2.54E+02,5.19E+02,7,0.5,1,0.6,1000
191935.1351,water,11.36371237,5,0.812156,6.617412081,1.62E+02,2.54E+02,5.41E+02,7,0.5,1,0.6,1000
194730.2973,water,11.44615848,5,1.00642,6.424336429,2.01E+02,2.54E+02,6.71E+02,7,0.5,1,0.6,1000
197525.4595,water,11.52801497,5,1.08119,6.900537213,2.16E+02,2.54E+02,7.21E+02,7,0.5,1,0.6,1000
200320.6216,water,11.6092943,5,1.09702,7.740231126,2.19E+02,2.54E+02,7.31E+02,7,0.5,1,0.6,1000
203115.7838,water,11.69000853,5,1.00675,7.52373911,2.01E+02,2.54E+02,6.71E+02,7,0.5,1,0.6,1000
205910.9459,water,11.77016926,5,1.17841,7.963401035,2.36E+02,2.54E+02,7.86E+02,7,0.5,1,0.6,1000
208706.1081,water,11.84978774,5,1.14545,8.93396997,2.29E+02,2.54E+02,7.64E+02,7,0.5,1,0.6,1000
211501.2703,water,11.92887483,5,1.23047,9.3245246,2.46E+02,2.54E+02,8.20E+02,7,0.5,1,0.6,1000
214296.4324,water,12.00744102,5,1.46081,9.185017892,2.92E+02,2.54E+02,9.74E+02,7,0.5,1,0.6,1000
217091.5946,water,12.08549647,5,1.569,8.92230553,3.14E+02,2.54E+02,1.05E+03,7,0.5,1,0.6,1000
219886.7568,water,12.16305101,5,1.6855,9.447030387,3.37E+02,2.54E+02,1.12E+03,7,0.5,1,0.6,1000
222681.9189,water,12.24011418,5,1.9736,11.8796203,3.95E+02,2.54E+02,1.32E+03,7,0.5,1,0.6,1000
225477.0811,water,12.31669518,5,2.00268,13.91179913,4.01E+02,2.54E+02,1.34E+03,7,0.5,1,0.6,1000
228272.2432,water,12.39280296,5,2.15088,13.13127309,4.30E+02,2.54E+02,1.43E+03,7,0.5,1,0.6,1000
231067.4054,water,12.46844619,5,2.4467,14.10128797,4.89E+02,2.54E+02,1.63E+03,7,0.5,1,0.6,1000
233862.5676,water,12.54363326,5,2.98961,15.35746073,5.98E+02,2.54E+02,1.99E+03,7,0.5,1,0.6,1000
236657.7297,water,12.61837234,5,2.78428,18.2512043,5.57E+02,2.54E+02,1.86E+03,7,0.5,1,0.6,1000
239452.8919,water,12.69267134,5,2.82464,19.053572,5.65E+02,2.54E+02,1.88E+03,7,0.5,1,0.6,1000
242248.0541,water,12.76653793,5,3.16675,18.24143533,6.33E+02,2.54E+02,2.11E+03,7,0.5,1,0.6,1000
245043.2162,water,12.83997959,5,3.16722,19.59943865,6.33E+02,2.54E+02,2.11E+03,7,0.5,1,0.6,1000
247838.3784,water,12.91300356,5,3.50102,20.4538006,7.00E+02,2.54E+02,2.33E+03,7,0.5,1,0.6,1000
250633.5405,water,12.98561689,5,4.09748,20.44041566,8.19E+02,2.54E+02,2.73E+03,7,0.5,1,0.6,1000
253428.7027,water,13.05782643,5,4.27787,22.27584453,8.56E+02,2.54E+02,2.85E+03,7,0.5,1,0.6,1000
256223.8649,water,13.12963885,5,7.06241,32.29183717,1.41E+03,2.54E+02,4.71E+03,7,0.5,1,0.6,1000
259019.027,water,13.20106062,5,5.69629,26.05698958,1.14E+03,2.54E+02,3.80E+03,7,0.5,1,0.6,1000
261814.1892,water,13.27209804,5,5.08016,25.33125725,1.02E+03,2.54E+02,3.39E+03,7,0.5,1,0.6,1000
264609.3514,water,13.34275727,5,6.48012,28.79719995,1.30E+03,2.54E+02,4.32E+03,7,0.5,1,0.6,1000
267404.5135,water,13.41304427,5,6.21,33.73152074,1.24E+03,2.54E+02,4.14E+03,7,0.5,1,0.6,1000
270199.6757,water,13.48296487,5,14.8703,49.52867256,2.97E+03,2.54E+02,9.91E+03,7,0.5,1,0.6,1000
272994.8378,water,13.55252474,5,20.3808,65.92158567,4.08E+03,2.54E+02,1.36E+04,7,0.5,1,0.6,1000
275790,water,13.62172941,5,22.5322,73.91668482,4.51E+03,2.54E+02,1.50E+04,7,0.5,1,0.6,1000
278585.1622,water,13.69058425,5,25.2664,78.24973287,5.05E+03,2.54E+02,1.68E+04,7,0.5,1,0.6,1000
41368.5,PF-5052,5.184713232,34.642381,12,45.60168908,1.09E+02,9.43E+00,7.60E+02,9.65,1,0.517,0.062,1643
41368.5,PF-5052,5.184713232,36.085813,12.5,50.53499013,1.09E+02,9.43E+00,7.60E+02,9.65,1,0.517,0.062,1643
103421,PF-5052,8.197741506,79.961972,30.2397,68.22489098,1.19E+02,1.17E+01,1.19E+03,9.65,1,0.517,0.062,1643
103421,PF-5052,8.197741506,83.773386,32.3999,72.88181316,1.22E+02,1.17E+01,1.19E+03,9.65,1,0.517,0.062,1643
103421,PF-5052,8.197741506,87.139086,34.4493,76.7217858,1.24E+02,1.17E+01,1.19E+03,9.65,1,0.517,0.062,1643
131000,PF-5052,9.226256012,123.786274,46.813,78.40546611,1.19E+02,1.11E+01,1.70E+03,9.65,1,0.517,0.062,1643
131000,PF-5052,9.226256012,130.155795,52.1172,80.73403047,1.26E+02,1.11E+01,1.70E+03,9.65,1,0.517,0.062,1643
131000,PF-5052,9.226256012,134.130505,55.4138,84.36578943,1.30E+02,1.11E+01,1.70E+03,9.65,1,0.517,0.062,1643
131000,PF-5052,9.226256012,139.597342,61.2214,90.12161717,1.38E+02,1.11E+01,1.70E+03,9.65,1,0.517,0.062,1643
112234,water,8.240240895,1.88,1.020459095,3.92234,4.89E+02,3.00E+01,5.10E+02,7,19.63,0.9,0.6,1000
112234,water,8.240240895,1.88,1.050612237,4.32323,5.03E+02,3.00E+01,5.10E+02,7,19.63,0.9,0.6,1000
112234,water,8.240240895,1.88,1.105239981,4.58978,5.29E+02,3.00E+01,5.10E+02,7,19.63,0.9,0.6,1000
112234,water,8.240240895,1.88,1.171176833,4.94624,5.61E+02,3.00E+01,5.10E+02,7,19.63,0.9,0.6,1000
112234,water,8.240240895,1.88,1.268156898,5.21178,6.07E+02,3.00E+01,5.10E+02,7,19.63,0.9,0.6,1000
112234,water,8.240240895,1.88,1.35342742,5.41006,6.48E+02,3.00E+01,5.10E+02,7,19.63,0.9,0.6,1000
239061,water,12.02630055,2.75,2.01499312,7.63013,6.59E+02,3.00E+01,6.10E+02,7,19.63,0.9,0.6,1000
239061,water,12.02630055,2.75,2.104249214,7.68693,6.89E+02,3.00E+01,6.10E+02,7,19.63,0.9,0.6,1000
239061,water,12.02630055,2.75,2.278366678,7.91965,7.46E+02,3.00E+01,6.10E+02,7,19.63,0.9,0.6,1000
239061,water,12.02630055,2.75,2.484726064,8.09843,8.13E+02,3.00E+01,6.10E+02,7,19.63,0.9,0.6,1000
239061,water,12.02630055,2.75,2.789132847,8.21906,9.13E+02,3.00E+01,6.10E+02,7,19.63,0.9,0.6,1000
239061,water,12.02630055,2.75,2.976682326,8.53175,9.74E+02,3.00E+01,6.10E+02,7,19.63,0.9,0.6,1000
239061,water,12.02630055,2.75,3.108481427,8.53113,1.02E+03,3.00E+01,6.10E+02,7,19.63,0.9,0.6,1000
620528,water,19.3757436,4.43,3.270646414,9.68866,6.64E+02,3.00E+01,7.60E+02,7,19.63,0.9,0.6,1000
620528,water,19.3757436,4.43,3.416082253,10.4414,6.94E+02,3.00E+01,7.60E+02,7,19.63,0.9,0.6,1000
620528,water,19.3757436,4.43,3.516868211,11.3374,7.14E+02,3.00E+01,7.60E+02,7,19.63,0.9,0.6,1000
620528,water,19.3757436,4.43,3.673169504,12.1271,7.46E+02,3.00E+01,7.60E+02,7,19.63,0.9,0.6,1000
620528,water,19.3757436,4.43,3.892103554,12.7786,7.91E+02,3.00E+01,7.60E+02,7,19.63,0.9,0.6,1000
620528,water,19.3757436,4.43,4.123853865,13.1659,8.38E+02,3.00E+01,7.60E+02,7,19.63,0.9,0.6,1000
300000,R-134a,17.1464282,0.558301,0.149527461,1.37049375,5.00E+01,9.00E+01,5.10E+02,13,64,0.23,0.01409,1232
500000,R-134a,22.13594362,0.494495,0.092707026,0.988474375,3.50E+01,9.00E+01,5.10E+02,13,64,0.23,0.01409,1232
700000,R-134a,26.19160171,0.430689,0.064595863,0.8082515,2.80E+01,9.00E+01,5.10E+02,13,64,0.23,0.01409,1232
325888,water,15.31794242,24.86362,3.47686878,5.272040327,1.40E+02,1.45E+01,5.60E+02,7,2,1,0.6,1000
367005,water,16.25557135,26.3058,3.56705747,5.891579198,1.36E+02,1.45E+01,5.60E+02,7,2,1,0.6,1000
405076,water,17.07790151,27.286116,3.606603549,6.411345227,1.32E+02,1.45E+01,5.60E+02,7,2,1,0.6,1000
423350,water,17.45886594,28.151494,3.678704469,6.698981344,1.31E+02,1.45E+01,5.60E+02,7,2,1,0.6,1000
455330,water,18.1062862,29.34833,3.763444697,7.25182888,1.28E+02,1.45E+01,5.60E+02,7,2,1,0.6,1000
501015,water,18.99291447,30.328998,3.794070257,7.649626188,1.25E+02,1.45E+01,5.60E+02,7,2,1,0.6,1000
516244,water,19.27941078,31.091564,3.859417511,9.33119409,1.24E+02,1.45E+01,5.60E+02,7,2,1,0.6,1000
537563,water,19.67346843,31.739016,3.898709629,10.81526251,1.23E+02,1.45E+01,5.60E+02,7,2,1,0.6,1000
555838,water,20.00508335,32.472935,3.954472791,12.45769603,1.22E+02,1.45E+01,5.60E+02,7,2,1,0.6,1000
584772,water,20.51915788,33.120211,3.980633682,13.9804245,1.20E+02,1.45E+01,5.60E+02,7,2,1,0.6,1000
274800,water,14.76943601,4.5,0.198,0.377624247,4.40E+01,1.30E+01,4.91E+02,7,7,1,0.6,1000
274800,water,14.76943601,4.4,0.1936,0.37173032,4.40E+01,1.30E+01,4.91E+02,7,7,1,0.6,1000
274800,water,14.76943601,4.3,0.1892,0.365796067,4.40E+01,1.30E+01,4.91E+02,7,7,1,0.6,1000
274800,water,14.76943601,4.2,0.1848,0.359820262,4.40E+01,1.30E+01,4.91E+02,7,7,1,0.6,1000
274800,water,14.76943601,4.1,0.1804,0.353801616,4.40E+01,1.30E+01,4.91E+02,7,7,1,0.6,1000
274800,water,14.76943601,4,0.176,0.347738764,4.40E+01,1.30E+01,4.91E+02,7,7,1,0.6,1000
274800,water,14.76943601,3.9,0.1716,0.341630265,4.40E+01,1.30E+01,4.91E+02,7,7,1,0.6,1000
274800,water,14.76943601,3.8,0.1672,0.33547459,4.40E+01,1.30E+01,4.91E+02,7,7,1,0.6,1000
274800,water,14.76943601,3.7,0.1628,0.329270118,4.40E+01,1.30E+01,4.91E+02,7,7,1,0.6,1000
274800,water,14.76943601,3.6,0.1584,0.323015129,4.40E+01,1.30E+01,4.91E+02,7,7,1,0.6,1000
274800,water,14.76943601,3.5,0.154,0.316707788,4.40E+01,1.30E+01,4.91E+02,7,7,1,0.6,1000
274800,water,14.76943601,3.4,0.1496,0.310346145,4.40E+01,1.30E+01,4.91E+02,7,7,1,0.6,1000
274800,water,14.76943601,3.3,0.1452,0.303928111,4.40E+01,1.30E+01,4.91E+02,7,7,1,0.6,1000
274800,water,14.76943601,3.2,0.1408,0.297451455,4.40E+01,1.30E+01,4.91E+02,7,7,1,0.6,1000
274800,water,14.76943601,3.1,0.1364,0.290913783,4.40E+01,1.30E+01,4.91E+02,7,7,1,0.6,1000
274800,water,14.76943601,3,0.132,0.284312524,4.40E+01,1.30E+01,4.91E+02,7,7,1,0.6,1000
274800,water,14.76943601,2.9,0.1276,0.277644907,4.40E+01,1.30E+01,4.91E+02,7,7,1,0.6,1000
274800,water,14.76943601,2.8,0.1232,0.27090794,4.40E+01,1.30E+01,4.91E+02,7,7,1,0.6,1000
274800,water,14.76943601,2.7,0.1188,0.264098386,4.40E+01,1.30E+01,4.91E+02,7,7,1,0.6,1000
274800,water,14.76943601,2.6,0.1144,0.257212728,4.40E+01,1.30E+01,4.91E+02,7,7,1,0.6,1000
274800,water,14.76943601,2.5,0.11,0.250247138,4.40E+01,1.30E+01,4.91E+02,7,7,1,0.6,1000
274800,water,14.76943601,2.4,0.1056,0.24319743,4.40E+01,1.30E+01,4.91E+02,7,7,1,0.6,1000
274800,water,14.76943601,2.3,0.1012,0.236059019,4.40E+01,1.30E+01,4.91E+02,7,7,1,0.6,1000
274800,water,14.76943601,2.2,0.0968,0.228826854,4.40E+01,1.30E+01,4.91E+02,7,7,1,0.6,1000
980665,water,26.57214331,2.46792,0.211192538,1.31024059,8.56E+01,1.50E+01,4.00E+02,7,3.14,1,0.6,1000
980665,water,26.57214331,2.73962,0.234443297,1.387012878,8.56E+01,1.50E+01,4.00E+02,7,3.14,1,0.6,1000
1470997.5,water,32.54409624,3.0566,0.235493251,1.363938861,7.70E+01,1.50E+01,4.00E+02,7,3.14,1,0.6,1000
1470997.5,water,32.54409624,3.41887,0.275314269,1.521936201,8.05E+01,1.50E+01,4.30E+02,7,3.14,1,0.6,1000
1470997.5,water,32.54409624,3.69057,0.297193687,1.618260937,8.05E+01,1.50E+01,4.30E+02,7,3.14,1,0.6,1000
686465.5,water,22.23185013,4.05283,0.397586623,2.049640269,9.81E+01,1.50E+01,4.30E+02,7,3.14,1,0.6,1000
686465.5,water,22.23185013,4.50566,0.466717056,2.29843902,1.04E+02,1.50E+01,4.70E+02,7,3.14,1,0.6,1000
735498.75,water,23.01215114,4.77736,0.486096786,2.33887833,1.02E+02,1.80E+01,4.70E+02,7,3.14,1,0.6,1000
490332.5,water,18.78934272,5.20755,0.588539838,2.778099863,1.13E+02,1.80E+01,4.70E+02,7,3.14,1,0.6,1000
490332.5,water,18.78934272,5.50189,0.621805158,2.890758624,1.13E+02,1.80E+01,4.70E+02,7,3.14,1,0.6,1000
490332.5,water,18.78934272,5.90943,0.667863962,3.048473354,1.13E+02,1.80E+01,4.70E+02,7,3.14,1,0.6,1000
392266,water,16.80569903,6.29434,0.792289009,3.58346447,1.26E+02,1.80E+01,5.10E+02,7,3.14,1,0.6,1000
392266,water,16.80569903,6.72453,0.846438421,3.708939118,1.26E+02,1.80E+01,5.10E+02,7,3.14,1,0.6,1000
294199.5,water,14.55416229,7.04151,0.954901039,4.049932769,1.36E+02,1.80E+01,5.10E+02,7,3.14,1,0.6,1000
294199.5,water,14.55416229,7.31321,0.991746349,4.158059354,1.36E+02,1.80E+01,5.10E+02,7,3.14,1,0.6,1000
294199.5,water,14.55416229,7.72075,1.047012956,4.30675601,1.36E+02,2.00E+01,5.10E+02,7,3.14,1,0.6,1000
215746.3,water,12.46343997,8.24151,1.211117519,4.842774234,1.47E+02,2.00E+01,5.10E+02,7,3.14,1,0.6,1000
215746.3,water,12.46343997,8.53585,1.254371768,4.959969532,1.47E+02,2.00E+01,5.10E+02,7,3.14,1,0.6,1000
215746.3,water,12.46343997,8.83019,1.297626018,5.106457532,1.47E+02,2.00E+01,5.10E+02,7,3.14,1,0.6,1000
196133,water,11.88342375,9.07925,1.367571925,5.474304395,1.51E+02,2.20E+01,5.10E+02,7,3.14,1,0.6,1000
196133,water,11.88342375,9.35094,1.408495527,5.654478303,1.51E+02,2.20E+01,5.10E+02,7,3.14,1,0.6,1000
196133,water,11.88342375,9.69057,1.459652666,5.774602609,1.51E+02,2.20E+01,5.10E+02,7,3.14,1,0.6,1000
196133,water,11.88342375,9.98491,1.503987949,5.954776517,1.51E+02,2.20E+01,5.10E+02,7,3.14,1,0.6,1000
182403.69,water,11.45995885,10.3472,1.588129678,6.236055052,1.53E+02,2.30E+01,5.10E+02,7,3.14,1,0.6,1000
182403.69,water,11.45995885,10.8,1.657627235,6.404350261,1.53E+02,2.30E+01,5.10E+02,7,3.14,1,0.6,1000
182403.69,water,11.45995885,11.0717,1.699328839,6.557348232,1.53E+02,2.30E+01,5.10E+02,7,3.14,1,0.6,1000
182403.69,water,11.45995885,11.366,1.744499181,6.786832397,1.53E+02,2.30E+01,5.10E+02,7,3.14,1,0.6,1000
182403.69,water,11.45995885,11.6604,1.789684871,7.016316563,1.53E+02,2.30E+01,5.10E+02,7,3.14,1,0.6,1000
258000,water,14.0836927,0.758235,0.03791175,0.510390833,5.00E+01,2.30E+01,1.00E+02,7,11.3411,1,0.6,1000
258000,water,14.0836927,1.0099,0.050495,0.497551667,5.00E+01,2.30E+01,1.00E+02,7,11.3411,1,0.6,1000
200000,water,12.4,1.29102,0.064551,0.473640833,5.00E+01,2.30E+01,1.00E+02,7,11.3411,1,0.6,1000
258000,water,14.0836927,2.97434,0.148717,0.879825,5.00E+01,2.30E+01,1.00E+02,7,11.3411,1,0.6,1000
293000,water,15.00861086,3.4117,0.170585,1.104191667,5.00E+01,2.30E+01,1.00E+02,7,11.3411,1,0.6,1000
293000,water,15.00861086,3.96689,0.1983445,1.352833333,5.00E+01,2.30E+01,1.00E+02,7,11.3411,1,0.6,1000
244000,water,13.69624766,1.65093,0.0825465,0.5022675,5.00E+01,1.90E+01,1.00E+02,7,11.3411,1,0.6,1000
244000,water,13.69624766,1.9718,0.09859,0.526460833,5.00E+01,1.90E+01,1.00E+02,7,11.3411,1,0.6,1000
244000,water,13.69624766,2.45367,0.1226835,0.565095833,5.00E+01,1.90E+01,1.00E+02,7,11.3411,1,0.6,1000
307000,water,15.3629945,3.01222,0.150611,0.628829167,5.00E+01,1.90E+01,1.00E+02,7,11.3411,1,0.6,1000
258000,water,14.0836927,3.64739,0.1823695,0.675071667,5.00E+01,1.90E+01,1.00E+02,7,11.3411,1,0.6,1000
224000,water,13.1229265,4.53922,0.226961,0.751156667,5.00E+01,1.90E+01,1.00E+02,7,11.3411,1,0.6,1000
244000,water,13.69624766,5.35062,0.267531,0.931341667,5.00E+01,1.90E+01,1.00E+02,7,11.3411,1,0.6,1000
258000,water,14.0836927,6.65891,0.3329455,1.036308333,5.00E+01,1.90E+01,1.00E+02,7,11.3411,1,0.6,1000
258000,water,14.0836927,7.95682,0.397841,1.269483333,5.00E+01,1.90E+01,1.00E+02,7,11.3411,1,0.6,1000
300000,water,15.18683641,9.5067,0.475335,1.500175,5.00E+01,1.90E+01,1.00E+02,7,11.3411,1,0.6,1000
293000,water,15.00861086,7.74885,0.3874425,1.672933333,5.00E+01,1.90E+01,1.00E+02,7,11.3411,1,0.6,1000
293000,water,15.00861086,9.91081,0.4955405,1.883675,5.00E+01,1.90E+01,1.00E+02,7,11.3411,1,0.6,1000
307000,water,15.3629945,10.309,0.51545,1.111091667,5.00E+01,1.50E+01,1.00E+02,7,11.3411,1,0.6,1000
224000,water,13.1229265,11.6596,0.58298,1.207616667,5.00E+01,1.50E+01,1.00E+02,7,11.3411,1,0.6,1000
224000,water,13.1229265,13.1876,0.65938,1.328366667,5.00E+01,1.50E+01,1.00E+02,7,11.3411,1,0.6,1000
224000,water,13.1229265,15.3292,0.76646,1.478608333,5.00E+01,1.50E+01,1.00E+02,7,11.3411,1,0.6,1000
258000,water,14.0836927,18.3126,0.91563,1.665458333,5.00E+01,1.50E+01,1.00E+02,7,11.3411,1,0.6,1000
258000,water,14.0836927,23.1026,1.15513,1.830941667,5.00E+01,1.50E+01,1.00E+02,7,11.3411,1,0.6,1000
258000,water,14.0836927,26.4885,1.324425,1.989866667,5.00E+01,1.50E+01,1.00E+02,7,11.3411,1,0.6,1000
293000,water,15.00861086,22.1914,1.10957,2.327725,5.00E+01,1.50E+01,1.00E+02,7,11.3411,1,0.6,1000
300000,water,15.18683641,29.1623,1.458115,2.438641667,5.00E+01,1.50E+01,1.00E+02,7,11.3411,1,0.6,1000
162000,water,10.8,2.210487,0.176838959,2.87384,8.00E+01,7.80E+01,2.00E+02,7,4.52389,1,0.6,1000
162000,water,10.8,2.210487,0.176838959,2.9668,8.00E+01,7.66E+01,2.00E+02,7,4.52389,1,0.6,1000
162000,water,10.8,2.210487,0.176838959,3.180613333,8.00E+01,7.44E+01,2.00E+02,7,4.52389,1,0.6,1000
162000,water,10.8,2.210487,0.176838959,3.375826667,8.00E+01,7.27E+01,2.00E+02,7,4.52389,1,0.6,1000
162000,water,10.8,2.210487,0.176838959,3.571053333,8.00E+01,7.02E+01,2.00E+02,7,4.52389,1,0.6,1000
162000,water,10.8,2.210487,0.176838959,3.766266667,8.00E+01,6.59E+01,2.00E+02,7,4.52389,1,0.6,1000
162000,water,10.8,2.210487,0.176838959,3.98008,8.00E+01,6.24E+01,2.00E+02,7,4.52389,1,0.6,1000
162000,water,10.8,2.210487,0.176838959,4.11952,8.00E+01,5.81E+01,2.00E+02,7,4.52389,1,0.6,1000
162000,water,10.8,2.210487,0.176838959,4.193893333,8.00E+01,5.48E+01,2.00E+02,7,4.52389,1,0.6,1000
162000,water,10.8,2.210487,0.176838959,4.361226667,8.00E+01,4.98E+01,2.00E+02,7,4.52389,1,0.6,1000
162000,water,10.8,2.210487,0.176838959,4.454186667,8.00E+01,4.58E+01,2.00E+02,7,4.52389,1,0.6,1000
162000,water,10.8,2.210487,0.176838959,4.584333333,8.00E+01,4.21E+01,2.00E+02,7,4.52389,1,0.6,1000
162000,water,10.8,2.210487,0.176838959,4.686586667,8.00E+01,3.91E+01,2.00E+02,7,4.52389,1,0.6,1000
162000,water,10.8,2.210487,0.176838959,4.723773333,8.00E+01,3.62E+01,2.00E+02,7,4.52389,1,0.6,1000
162000,water,10.8,2.210487,0.176838959,4.770253333,8.00E+01,3.32E+01,2.00E+02,7,4.52389,1,0.6,1000
300000,water,12.5,1.057,0.197659,3.554558333,1.87E+02,2.49E+01,4.60E+02,7,19.635,1,0.6,1000
300000,water,12.5,1.057,0.193431,3.5534635,1.83E+02,2.29E+01,4.60E+02,7,19.635,1,0.6,1000
300000,water,12.5,1.057,0.19026,3.72807,1.80E+02,1.91E+01,4.60E+02,7,19.635,1,0.6,1000
300000,water,12.5,1.057,0.189203,3.818726333,1.79E+02,1.81E+01,4.60E+02,7,19.635,1,0.6,1000
300000,water,12.5,1.057,0.192374,4.034727667,1.82E+02,1.50E+01,4.60E+02,7,19.635,1,0.6,1000
300000,water,12.5,1.057,0.199773,4.254894,1.89E+02,1.30E+01,4.60E+02,7,19.635,1,0.6,1000
300000,water,12.5,1.057,0.210343,4.532158667,1.99E+02,9.94E+00,4.60E+02,7,19.635,1,0.6,1000
300000,water,12.5,1.057,0.216685,4.668806667,2.05E+02,7.01E+00,4.60E+02,7,19.635,1,0.6,1000
300000,water,12.5,1.057,0.22197,4.762065,2.10E+02,5.04E+00,4.60E+02,7,19.635,1,0.6,1000
400000,water,14,1.184,0.209568,3.8633495,1.77E+02,2.49E+01,4.60E+02,7,19.635,1,0.6,1000
400000,water,14,1.184,0.210752,4.044516,1.78E+02,2.30E+01,4.60E+02,7,19.635,1,0.6,1000
400000,water,14,1.184,0.209568,4.1956965,1.77E+02,1.99E+01,4.60E+02,7,19.635,1,0.6,1000
400000,water,14,1.184,0.2072,4.304941667,1.75E+02,1.79E+01,4.60E+02,7,19.635,1,0.6,1000
400000,water,14,1.184,0.21904,4.716544167,1.85E+02,1.51E+01,4.60E+02,7,19.635,1,0.6,1000
400000,water,14,1.184,0.227328,5.008224,1.92E+02,1.30E+01,4.60E+02,7,19.635,1,0.6,1000
400000,water,14,1.184,0.234432,5.216607,1.98E+02,9.86E+00,4.60E+02,7,19.635,1,0.6,1000
400000,water,14,1.184,0.239168,5.335224,2.02E+02,7.61E+00,4.60E+02,7,19.635,1,0.6,1000
400000,water,14,1.184,0.241536,5.370232,2.04E+02,5.12E+00,4.60E+02,7,19.635,1,0.6,1000
400000,water,15,2.46,0.52770444,5.542200865,2.15E+02,1.00E+01,6.40E+02,7,19.635,1,0.6,1000
400000,water,15,2.46,0.5165385,5.535075384,2.10E+02,1.31E+01,6.40E+02,7,19.635,1,0.6,1000
400000,water,15,2.46,0.49850178,5.703241332,2.03E+02,1.50E+01,6.40E+02,7,19.635,1,0.6,1000
400000,water,15,2.46,0.4873383,5.669051922,1.98E+02,1.80E+01,6.40E+02,7,19.635,1,0.6,1000
400000,water,15,2.46,0.4873383,5.876895764,1.98E+02,2.01E+01,6.40E+02,7,19.635,1,0.6,1000
400000,water,15,2.46,0.48991392,6.022882241,1.99E+02,2.31E+01,6.40E+02,7,19.635,1,0.6,1000
400000,water,15,2.46,0.492492,6.212109904,2.00E+02,2.51E+01,6.40E+02,7,19.635,1,0.6,1000
400000,water,15,2.46,0.5019384,6.449002502,2.04E+02,2.81E+01,6.40E+02,7,19.635,1,0.6,1000
400000,water,15,2.46,0.50537256,6.61167005,2.05E+02,3.00E+01,6.40E+02,7,19.635,1,0.6,1000
300000,water,13.3,2.181,0.494504673,4.953934664,2.27E+02,1.01E+01,6.40E+02,7,19.635,1,0.6,1000
300000,water,13.3,2.181,0.489174309,4.994655855,2.24E+02,1.29E+01,6.40E+02,7,19.635,1,0.6,1000
300000,water,13.3,2.181,0.471660879,4.986006951,2.16E+02,1.51E+01,6.40E+02,7,19.635,1,0.6,1000
300000,water,13.3,2.181,0.470138541,5.071693341,2.16E+02,1.81E+01,6.40E+02,7,19.635,1,0.6,1000
300000,water,13.3,2.181,0.47089971,5.238468875,2.16E+02,1.99E+01,6.40E+02,7,19.635,1,0.6,1000
300000,water,13.3,2.181,0.474707736,5.417849621,2.18E+02,2.30E+01,6.40E+02,7,19.635,1,0.6,1000
300000,water,13.3,2.181,0.482321607,5.56274933,2.21E+02,2.50E+01,6.40E+02,7,19.635,1,0.6,1000
300000,water,13.3,2.181,0.483843945,5.731605168,2.22E+02,2.80E+01,6.40E+02,7,19.635,1,0.6,1000
300000,water,13.3,2.181,0.483082776,5.838776317,2.21E+02,3.01E+01,6.40E+02,7,19.635,1,0.6,1000
400000,water,16.97056275,12,1.068,7.370519963,8.90E+01,8.66E+00,3.00E+02,7,1,1,0.6,1000
400000,water,16.97056275,14,1.246,7.940236283,8.90E+01,8.66E+00,3.00E+02,7,1,1,0.6,1000
400000,water,16.97056275,15.7,1.3973,8.392147668,8.90E+01,8.66E+00,3.00E+02,7,1,1,0.6,1000
450000,water,18,18.1,1.4842,8.640304621,8.20E+01,8.66E+00,3.00E+02,7,1,1,0.6,1000
450000,water,18,20,1.64,9.067087157,8.20E+01,8.66E+00,3.00E+02,7,1,1,0.6,1000
450000,water,18,22,1.804,9.494245498,8.20E+01,8.66E+00,3.00E+02,7,1,1,0.6,1000
500000,water,18.97366596,24.9,1.8675,9.654217674,7.50E+01,8.66E+00,3.00E+02,7,1,1,0.6,1000
500000,water,18.97366596,27,2.025,10.03925534,7.50E+01,8.66E+00,3.00E+02,7,1,1,0.6,1000
500000,water,18.97366596,30,2.25,10.56336699,7.50E+01,8.66E+00,3.00E+02,7,1,1,0.6,1000
550000,water,19.89974874,33,2.244,10.54975198,6.80E+01,8.66E+00,3.00E+02,7,1,1,0.6,1000
550000,water,19.89974874,36,2.448,11.0025696,6.80E+01,8.66E+00,3.00E+02,7,1,1,0.6,1000
250000,water,13.41640786,34,3.978,7.019563915,1.17E+02,8.66E+00,3.00E+02,7,1,1,0.6,1000
250000,water,13.41640786,36,4.176,7.515224699,1.16E+02,8.66E+00,3.00E+02,7,1,1,0.6,1000
250000,water,13.41640786,38,4.37,8.017798171,1.15E+02,8.66E+00,3.00E+02,7,1,1,0.6,1000
300000,water,14.69693846,40,4.56,8.337352926,1.14E+02,8.66E+00,3.00E+02,7,1,1,0.6,1000
300000,water,14.69693846,42,4.746,9.041897881,1.13E+02,8.66E+00,3.00E+02,7,1,1,0.6,1000
300000,water,14.69693846,44,4.928,10.172904,1.12E+02,8.66E+00,3.00E+02,7,1,1,0.6,1000
350000,water,15.87450787,46,5.106,10.50863162,1.11E+02,8.66E+00,3.00E+02,7,1,1,0.6,1000
350000,water,15.87450787,49,5.39,10.897205,1.10E+02,8.66E+00,3.00E+02,7,1,1,0.6,1000
400000,water,16.97056275,51,5.508,11.3695267,1.08E+02,8.66E+00,3.00E+02,7,1,1,0.6,1000
400000,water,16.97056275,53,5.671,11.94999183,1.07E+02,8.66E+00,3.00E+02,7,1,1,0.6,1000
400000,water,16.97056275,55,5.83,12.44691151,1.06E+02,8.66E+00,3.00E+02,7,1,1,0.6,1000
547968.1121,FC-40,14.60353605,2.59479,0.211780654,4.859838462,6.00E+01,5.00E+00,1.50E+02,57,6.25,3.4,0.065,1850
632628.883,FC-40,15.69115426,2.97673,0.242953699,5.202092308,6.00E+01,5.00E+00,1.50E+02,57,6.25,3.4,0.065,1850
717040.4574,FC-40,16.70522057,3.3735,0.275337132,6.023469231,6.00E+01,5.00E+00,1.50E+02,57,6.25,3.4,0.065,1850
782063.6951,FC-40,17.4462241,3.67892,0.300264794,6.434169231,6.00E+01,5.00E+00,1.50E+02,57,6.25,3.4,0.065,1850
856775.7764,FC-40,18.26055502,3.99964,0.326441206,6.844846154,6.00E+01,5.00E+00,1.50E+02,57,6.25,3.4,0.065,1850
908772.6417,FC-40,18.80650121,4.25938,0.347640574,7.050184615,6.00E+01,5.00E+00,1.50E+02,57,6.25,3.4,0.065,1850
947755.914,FC-74,14.92991235,2.56077,0.860613209,8.620242188,6.00E+01,5.00E+00,1.50E+02,13,6.25,0.79,0.064,1770
999740,FC-74,16.04183788,2.94258,0.988930367,9.106851563,6.00E+01,5.00E+00,1.50E+02,13,6.25,0.79,0.064,1770
1087733.203,FC-74,17.07856769,3.37007,1.132599475,9.80203125,6.00E+01,5.00E+00,1.50E+02,13,6.25,0.79,0.064,1770
1151875.429,FC-74,17.836132,3.72091,1.250508361,10.70578125,6.00E+01,5.00E+00,1.50E+02,13,6.25,0.79,0.064,1770
1216017.656,FC-74,18.66866251,4.0264,1.353176203,11.05335938,6.00E+01,5.00E+00,1.50E+02,13,6.25,0.79,0.064,1770
1280159.882,FC-74,19.22681011,4.2704,1.435178734,11.74853906,6.00E+01,5.00E+00,1.50E+02,13,6.25,0.79,0.064,1770
1344302.108,FC-72,15.32460364,2.95723,1.164409313,11.00578947,6.00E+01,5.00E+00,1.50E+02,12,6.25,0.64,0.057,1680
1408444.334,FC-72,16.46592433,3.36988,1.32689025,11.23997368,6.00E+01,5.00E+00,1.50E+02,12,6.25,0.64,0.057,1680
1472586.561,FC-72,17.53006141,3.67439,1.446791063,12.80107895,6.00E+01,5.00E+00,1.50E+02,12,6.25,0.64,0.057,1680
1536728.787,FC-72,18.30765291,4.01091,1.579295813,12.64494737,6.00E+01,5.00E+00,1.50E+02,12,6.25,0.64,0.057,1680
1600871.013,FC-72,19.16219242,4.2542,1.67509125,14.28413158,6.00E+01,5.00E+00,1.50E+02,12,6.25,0.64,0.057,1680
1665013.239,HFE-7100,16.3826904,2.95625,1.715402961,9.507780822,6.00E+01,5.00E+00,1.50E+02,6,6.25,0.38,0.073,1470
1729155.466,HFE-7100,17.60281355,3.35439,1.946428934,8.959253425,6.00E+01,5.00E+00,1.50E+02,6,6.25,0.38,0.073,1470
1793297.692,HFE-7100,18.74042394,3.6442,2.114595,9.629671233,6.00E+01,5.00E+00,1.50E+02,6,6.25,0.38,0.073,1470
1857439.918,HFE-7100,19.57170421,4.04046,2.344530079,10.84861644,6.00E+01,5.00E+00,1.50E+02,6,6.25,0.38,0.073,1470
1921582.144,HFE-7100,20.48524538,4.25342,2.468102921,11.88472603,6.00E+01,5.00E+00,1.50E+02,6,6.25,0.38,0.073,1470
1985724.37,HFE-7000,19.86295649,2.57276,1.200621333,10.38136,6.00E+01,5.00E+00,1.50E+02,8,6.25,0.45,0.075,1400
2049866.597,HFE-7000,21.34227719,2.97025,1.386116667,10.44068,6.00E+01,5.00E+00,1.50E+02,8,6.25,0.45,0.075,1400
2114008.823,HFE-7000,22.72155649,3.36657,1.571066,11.5678,6.00E+01,5.00E+00,1.50E+02,8,6.25,0.45,0.075,1400
2178151.049,HFE-7000,23.72943026,3.67186,1.713534667,12.04238,6.00E+01,5.00E+00,1.50E+02,8,6.25,0.45,0.075,1400
2242293.275,HFE-7000,24.83704006,4.02264,1.877232,12.87288,6.00E+01,5.00E+00,1.50E+02,8,6.25,0.45,0.075,1400
2306435.502,HFE-7000,25.57960715,4.26677,1.991159333,13.34746,6.00E+01,5.00E+00,1.50E+02,8,6.25,0.45,0.075,1400
2370577.728,HFE-7000,26.12248568,4.4498,2.076573333,13.76272,6.00E+01,5.00E+00,1.50E+02,8,6.25,0.45,0.075,1400
2434719.954,HFE-7000,26.82932724,4.69387,2.190472667,14.29662,6.00E+01,5.00E+00,1.50E+02,8,6.25,0.45,0.075,1400
136000,water,10.72007463,9.013605,1.036564626,4.189434667,4.60E+02,7.00E+00,7.00E+02,7,0.49,1,0.6,1000
136000,water,10.72007463,9.013605,1.12670068,6.375225,5.00E+02,5.00E+00,7.00E+02,7,0.49,1,0.6,1000
136000,water,10.72007463,9.013605,1.239370748,9.4171,5.50E+02,3.30E+00,7.00E+02,7,0.49,1,0.6,1000
136000,water,10.72007463,18.027211,2.073129252,9.468103333,4.60E+02,7.00E+00,7.00E+02,7,0.49,1,0.6,1000
136000,water,10.72007463,18.027211,2.253401361,11.74866667,5.00E+02,5.00E+00,7.00E+02,7,0.49,1,0.6,1000
136000,water,10.72007463,18.027211,2.478741497,14.02545833,5.50E+02,3.30E+00,7.00E+02,7,0.49,1,0.6,1000
136000,water,10.72007463,36.054422,4.146258503,13.07105333,4.60E+02,7.00E+00,7.00E+02,7,0.49,1,0.6,1000
136000,water,10.72007463,36.054422,4.506802721,15.48266667,5.00E+02,5.00E+00,7.00E+02,7,0.49,1,0.6,1000
136000,water,10.72007463,36.054422,4.957482993,18.13295,5.50E+02,3.30E+00,7.00E+02,7,0.49,1,0.6,1000
272000,water,15.16047493,9.013605,1.036564626,16.00363,4.60E+02,7.00E+00,7.00E+02,7,0.49,1,0.6,1000
272000,water,15.16047493,9.013605,1.12670068,17.94175,5.00E+02,5.00E+00,7.00E+02,7,0.49,1,0.6,1000
272000,water,15.16047493,9.013605,1.239370748,20.33698333,5.50E+02,3.30E+00,7.00E+02,7,0.49,1,0.6,1000
272000,water,15.16047493,18.027211,2.073129252,17.59561333,4.60E+02,7.00E+00,7.00E+02,7,0.49,1,0.6,1000
272000,water,15.16047493,18.027211,2.253401361,19.49,5.00E+02,5.00E+00,7.00E+02,7,0.49,1,0.6,1000
272000,water,15.16047493,18.027211,2.478741497,22.34063333,5.50E+02,3.30E+00,7.00E+02,7,0.49,1,0.6,1000
272000,water,15.16047493,36.054422,4.146258503,19.60658,4.60E+02,7.00E+00,7.00E+02,7,0.49,1,0.6,1000
272000,water,15.16047493,36.054422,4.506802721,21.949,5.00E+02,5.00E+00,7.00E+02,7,0.49,1,0.6,1000
272000,water,15.16047493,36.054422,4.957482993,25.145725,5.50E+02,3.30E+00,7.00E+02,7,0.49,1,0.6,1000
207000,FC-72,9.889767439,1.500571,2.7573,7.083947368,2.70E+01,5.00E+00,7.00E+02,12,0.49,0.64,0.057,1680
344000,FC-72,12.74911762,1.846857,3.3936,8.749136842,2.70E+01,5.00E+00,7.00E+02,12,0.49,0.64,0.057,1680
483000,FC-72,15.1068693,2.250857,4.13595,10.62983158,2.80E+01,5.00E+00,7.00E+02,12,0.49,0.64,0.057,1680
689000,FC-72,18.04307346,2.481714,4.56015,12.12925614,2.80E+01,5.00E+00,7.00E+02,12,0.49,0.64,0.057,1680
896000,FC-72,20.57571384,2.885714,5.3025,12.35723684,2.50E+01,5.00E+00,7.00E+02,12,0.49,0.64,0.057,1680
207000,FC-72,10.20372831,3.131,5.7532125,10.94705263,3.00E+01,5.00E+00,7.00E+02,12,0.49,0.64,0.057,1680
344000,FC-72,13.15385151,3.794714,6.9727875,11.69606842,2.70E+01,5.00E+00,7.00E+02,12,0.49,0.64,0.057,1680
483000,FC-72,15.58645245,4.242,7.794675,13.31917895,2.30E+01,5.00E+00,7.00E+02,12,0.49,0.64,0.057,1680
689000,FC-72,18.61586945,4.804714,8.8286625,13.5892,1.90E+01,5.00E+00,7.00E+02,12,0.49,0.64,0.057,1680
896000,FC-72,21.2289111,5.555,10.2073125,13.94826667,1.60E+01,5.00E+00,7.00E+02,12,0.49,0.64,0.057,1680
138000,FC-72,8.587657256,3.203143,5.885775,21.91321053,6.50E+01,5.00E+00,7.00E+02,12,0.49,0.64,0.057,1680
207000,FC-72,10.51768918,4.025571,7.3969875,25.45854035,5.80E+01,5.00E+00,7.00E+02,12,0.49,0.64,0.057,1680
344000,FC-72,13.5585854,5.151,9.4649625,23.59931053,5.10E+01,5.00E+00,7.00E+02,12,0.49,0.64,0.057,1680
483000,FC-72,16.0660356,6.204286,11.400375,27.21745263,4.70E+01,5.00E+00,7.00E+02,12,0.49,0.64,0.057,1680
689000,FC-72,19.18866543,7.834714,14.3962875,41.11335614,4.30E+01,5.00E+00,7.00E+02,12,0.49,0.64,0.057,1680
896000,FC-72,21.88210837,9.017857,16.5703125,39.78933333,4.00E+01,5.00E+00,7.00E+02,12,0.49,0.64,0.057,1680
207000,PSF-3,13.52703307,36.122449,0.976756392,2.948877876,2.70E+01,4.00E+00,1.50E+02,47,0.49,2.69,0.113,898
345000,PSF-3,17.4633246,43.265306,1.169900311,3.513966372,2.70E+01,4.00E+00,1.50E+02,47,0.49,2.69,0.113,898
483000,PSF-3,20.66288432,49.795918,1.396359002,5.486017699,2.80E+01,4.00E+00,1.50E+02,47,0.49,2.69,0.113,898
689000,PSF-3,24.67896772,57.755102,1.619547531,6.386279646,2.80E+01,4.00E+00,1.50E+02,47,0.49,2.69,0.113,898
896000,PSF-3,28.14306435,70,1.75260223,9.425464602,2.50E+01,4.00E+00,1.50E+02,47,0.49,2.69,0.113,898
1040600,PSF-3,31.82936652,12.44898,0.723114483,4.409201062,5.80E+01,4.00E+00,1.50E+02,47,0.49,2.69,0.113,898
1212800,PSF-3,35.47413709,16.326531,0.833891207,5.768867257,5.10E+01,4.00E+00,1.50E+02,47,0.49,2.69,0.113,898
1385000,PSF-3,39.11890766,20.612245,0.970216069,6.875309735,4.70E+01,4.00E+00,1.50E+02,47,0.49,2.69,0.113,898
1557200,PSF-3,42.76367823,23.877551,1.028261437,8.327045133,4.30E+01,4.00E+00,1.50E+02,47,0.49,2.69,0.113,898
1729400,PSF-3,46.4084488,28.367347,1.136381155,9.017238938,4.00E+01,4.00E+00,1.50E+02,47,0.49,2.69,0.113,898
207000,PAO-2,14.86391471,66.122449,0.919800558,4.6629,2.70E+01,4.00E+00,1.50E+02,76,0.49,4.61,0.14,791.7
345000,PAO-2,19.18923138,84.693878,1.178139603,5.316801429,2.70E+01,4.00E+00,1.50E+02,76,0.49,4.61,0.14,791.7
483000,PAO-2,22.70500477,100,1.442577007,6.3624,2.80E+01,4.00E+00,1.50E+02,76,0.49,4.61,0.14,791.7
689000,PAO-2,27.11799916,121.020408,1.745812581,7.25464,2.80E+01,4.00E+00,1.50E+02,76,0.49,4.61,0.14,791.7
896000,PAO-2,30.92445374,130.204082,1.677048342,7.385714286,2.50E+01,4.00E+00,1.50E+02,76,0.49,4.61,0.14,791.7
1040600,PAO-2,34.9750745,59.795918,0.92421661,4.032771429,3.00E+01,4.00E+00,1.50E+02,76,0.49,4.61,0.14,791.7
1212800,PAO-2,38.98005909,76.122449,1.058906198,4.445588571,2.70E+01,4.00E+00,1.50E+02,76,0.49,4.61,0.14,791.7
1385000,PAO-2,42.98504367,91.428571,1.083404772,4.807525714,2.30E+01,4.00E+00,1.50E+02,76,0.49,4.61,0.14,791.7
1557200,PAO-2,46.99002825,107.142857,1.048812364,5.041663571,1.90E+01,4.00E+00,1.50E+02,76,0.49,4.61,0.14,791.7
1729400,PAO-2,50.99501284,122.857143,1.012747939,5.389725714,1.60E+01,4.00E+00,1.50E+02,76,0.49,4.61,0.14,791.7
200000,water,13,48.464,107.9070346,188.4357911,2.23E+03,5.00E+01,4.50E+04,7,20,1,0.6,1000
400000,water,18.38477631,59.1102,104.5884057,226.1768964,1.77E+03,5.00E+01,4.50E+04,7,20,1,0.6,1000
600000,water,22.5166605,70.0742,97.67642738,228.7506058,1.39E+03,5.00E+01,4.50E+04,7,20,1,0.6,1000
800000,water,26,80.5614,89.44087751,225.132262,1.11E+03,5.00E+01,4.50E+04,7,20,1,0.6,1000
200000,water,13,28.2839,48.92944997,95.2418467,1.73E+03,5.00E+01,4.50E+04,7,20,1,0.6,1000
400000,water,18.38477631,34.4809,47.52192119,116.4084403,1.38E+03,5.00E+01,4.50E+04,7,20,1,0.6,1000
600000,water,22.5166605,39.2479,42.9595739,126.9465867,1.09E+03,5.00E+01,4.50E+04,7,20,1,0.6,1000
800000,water,26,44.0148,38.23702122,116.6553705,8.69E+02,5.00E+01,4.50E+04,7,20,1,0.6,1000
200000,water,13,21.4513,24.99762892,48.47401026,1.17E+03,5.00E+01,4.50E+04,7,20,1,0.6,1000
400000,water,18.38477631,24.6292,21.71389085,52.28738984,8.82E+02,5.00E+01,4.50E+04,7,20,1,0.6,1000
600000,water,22.5166605,28.125,18.92235938,54.64227938,6.73E+02,5.00E+01,4.50E+04,7,20,1,0.6,1000
800000,water,26,30.0318,15.26116971,47.82901682,5.08E+02,5.00E+01,4.50E+04,7,20,1,0.6,1000
200000,water,13,9.375,8.979609375,21.22715801,9.58E+02,5.00E+01,4.50E+04,7,20,1,0.6,1000
400000,water,18.38477631,10.6462,7.539340746,22.92340961,7.08E+02,5.00E+01,4.50E+04,7,20,1,0.6,1000
600000,water,22.5166605,11.5996,6.147068825,22.40895827,5.30E+02,5.00E+01,4.50E+04,7,20,1,0.6,1000
800000,water,26,12.3941,4.822779798,20.31155783,3.89E+02,5.00E+01,4.50E+04,7,20,1,0.6,1000
200000,water,17.2,2.15,1.935,4.353,9.00E+02,1.00E+02,8.00E+03,7,6.25,1,0.6,1000
200000,water,17.2,0.85,0.765,3.0525,9.00E+02,2.00E+02,8.00E+03,7,6.25,1,0.6,1000
200000,water,17.2,0.44,0.396,2.2485,9.00E+02,3.00E+02,8.00E+03,7,6.25,1,0.6,1000
200000,water,17.2,0.33,0.297,1.5675,9.00E+02,4.00E+02,8.00E+03,7,6.25,1,0.6,1000
500000,water,26.2,2.51,1.60389,5.309025,6.39E+02,1.00E+02,8.00E+03,7,6.25,1,0.6,1000
500000,water,26.2,0.87,0.55593,2.465475,6.39E+02,2.00E+02,8.00E+03,7,6.25,1,0.6,1000
500000,water,26.2,0.45,0.28755,1.389825,6.39E+02,3.00E+02,8.00E+03,7,6.25,1,0.6,1000
500000,water,26.2,0.33,0.21087,1.102275,6.39E+02,4.00E+02,8.00E+03,7,6.25,1,0.6,1000
1000000,water,36.1,3.55,1.55135,4.621275,4.37E+02,1.00E+02,8.00E+03,7,6.25,1,0.6,1000
1000000,water,36.1,1.23,0.53751,2.811366667,4.37E+02,2.00E+02,8.00E+03,7,6.25,1,0.6,1000
1000000,water,36.1,0.62,0.27094,2.070651667,4.37E+02,3.00E+02,8.00E+03,7,6.25,1,0.6,1000
1000000,water,36.1,0.44,0.19228,1.456666667,4.37E+02,4.00E+02,8.00E+03,7,6.25,1,0.6,1000
2000000,water,49.6,5.2,1.924,6.229566667,3.70E+02,1.00E+02,8.00E+03,7,6.25,1,0.6,1000
2000000,water,49.6,1.84,0.6808,3.025366667,3.70E+02,2.00E+02,8.00E+03,7,6.25,1,0.6,1000
2000000,water,49.6,1.03,0.3811,2.068916667,3.70E+02,3.00E+02,8.00E+03,7,6.25,1,0.6,1000
2000000,water,49.6,0.72,0.2664,1.356666667,3.70E+02,4.00E+02,8.00E+03,7,6.25,1,0.6,1000
200000,water,17.2,3.6,4.968,14.7338,1.38E+03,1.00E+02,8.00E+03,7,6.25,1,0.6,1000
200000,water,17.2,1.1,1.518,6.4952,1.38E+03,2.00E+02,8.00E+03,7,6.25,1,0.6,1000
200000,water,17.2,0.7,0.966,3.657,1.38E+03,3.00E+02,8.00E+03,7,6.25,1,0.6,1000
200000,water,17.2,0.45,0.621,2.5139,1.38E+03,4.00E+02,8.00E+03,7,6.25,1,0.6,1000
500000,water,26.2,4.72,3.68632,11.83865833,7.81E+02,1.00E+02,8.00E+03,7,6.25,1,0.6,1000
500000,water,26.2,1.71,1.33551,5.338135,7.81E+02,2.00E+02,8.00E+03,7,6.25,1,0.6,1000
500000,water,26.2,1,0.781,3.560058333,7.81E+02,3.00E+02,8.00E+03,7,6.25,1,0.6,1000
500000,water,26.2,0.61,0.47641,1.828841667,7.81E+02,4.00E+02,8.00E+03,7,6.25,1,0.6,1000
1000000,water,36.1,6.66,3.32334,9.779568333,4.99E+02,1.00E+02,8.00E+03,7,6.25,1,0.6,1000
1000000,water,36.1,2.25,1.12275,3.789073333,4.99E+02,2.00E+02,8.00E+03,7,6.25,1,0.6,1000
1000000,water,36.1,1.25,0.62375,2.493336667,4.99E+02,3.00E+02,8.00E+03,7,6.25,1,0.6,1000
1000000,water,36.1,0.91,0.45409,2.21057,4.99E+02,4.00E+02,8.00E+03,7,6.25,1,0.6,1000
2000000,water,49.6,9.6,3.84,9.748,4.00E+02,1.00E+02,8.00E+03,7,6.25,1,0.6,1000
2000000,water,49.6,3.3,1.32,5.288666667,4.00E+02,2.00E+02,8.00E+03,7,6.25,1,0.6,1000
2000000,water,49.6,2.01,0.804,4.122666667,4.00E+02,3.00E+02,8.00E+03,7,6.25,1,0.6,1000
2000000,water,49.6,1.51,0.604,3.213333333,4.00E+02,4.00E+02,8.00E+03,7,6.25,1,0.6,1000
200000,water,17.2,5.79,9.9588,29.91366667,1.72E+03,1.00E+02,8.00E+03,7,6.25,1,0.6,1000
200000,water,17.2,2.15,3.698,12.98026667,1.72E+03,2.00E+02,8.00E+03,7,6.25,1,0.6,1000
200000,water,17.2,1.24,2.1328,5.936866667,1.72E+03,3.00E+02,8.00E+03,7,6.25,1,0.6,1000
200000,water,17.2,0.82,1.4104,3.124666667,1.72E+03,4.00E+02,8.00E+03,7,6.25,1,0.6,1000
500000,water,26.2,7.96,8.1192,19.142,1.02E+03,1.00E+02,8.00E+03,7,6.25,1,0.6,1000
500000,water,26.2,2.89,2.9478,11.1826,1.02E+03,2.00E+02,8.00E+03,7,6.25,1,0.6,1000
500000,water,26.2,1.57,1.6014,6.46,1.02E+03,3.00E+02,8.00E+03,7,6.25,1,0.6,1000
500000,water,26.2,1,1.02,4.08,1.02E+03,4.00E+02,8.00E+03,7,6.25,1,0.6,1000
1000000,water,36.1,10.66,6.58788,12.88118,6.18E+02,1.00E+02,8.00E+03,7,6.25,1,0.6,1000
1000000,water,36.1,3.43,2.11974,7.54681,6.18E+02,2.00E+02,8.00E+03,7,6.25,1,0.6,1000
1000000,water,36.1,1.86,1.14948,6.11099,6.18E+02,3.00E+02,8.00E+03,7,6.25,1,0.6,1000
1000000,water,36.1,1.23,0.76014,3.93769,6.18E+02,4.00E+02,8.00E+03,7,6.25,1,0.6,1000
2000000,water,49.6,16.53,8.5956,17.75193333,5.20E+02,1.00E+02,8.00E+03,7,6.25,1,0.6,1000
2000000,water,49.6,5.22,2.7144,9.002933333,5.20E+02,2.00E+02,8.00E+03,7,6.25,1,0.6,1000
2000000,water,49.6,3.01,1.5652,7.2852,5.20E+02,3.00E+02,8.00E+03,7,6.25,1,0.6,1000
2000000,water,49.6,2.11,1.0972,5.577,5.20E+02,4.00E+02,8.00E+03,7,6.25,1,0.6,1000
200000,water,17.2,9.16,20.61,32.5575,2.25E+03,1.00E+02,8.00E+03,7,6.25,1,0.6,1000
200000,water,17.2,3.48,7.83,20.0325,2.25E+03,2.00E+02,8.00E+03,7,6.25,1,0.6,1000
200000,water,17.2,1.96,4.41,10.45875,2.25E+03,3.00E+02,8.00E+03,7,6.25,1,0.6,1000
200000,water,17.2,1.21,2.7225,5.0625,2.25E+03,4.00E+02,8.00E+03,7,6.25,1,0.6,1000
500000,water,26.2,13.75,18.5625,42.804,1.35E+03,1.00E+02,8.00E+03,7,6.25,1,0.6,1000
500000,water,26.2,4.53,6.1155,19.9395,1.35E+03,2.00E+02,8.00E+03,7,6.25,1,0.6,1000
500000,water,26.2,2.47,3.3345,10.13175,1.35E+03,3.00E+02,8.00E+03,7,6.25,1,0.6,1000
500000,water,26.2,1.57,2.1195,5.64075,1.35E+03,4.00E+02,8.00E+03,7,6.25,1,0.6,1000
1000000,water,36.1,20.88,17.24688,41.74053333,8.26E+02,1.00E+02,8.00E+03,7,6.25,1,0.6,1000
1000000,water,36.1,6.01,4.96426,16.78845,8.26E+02,2.00E+02,8.00E+03,7,6.25,1,0.6,1000
1000000,water,36.1,3.05,2.5193,8.32608,8.26E+02,3.00E+02,8.00E+03,7,6.25,1,0.6,1000
1000000,water,36.1,2.14,1.76764,5.371753333,8.26E+02,4.00E+02,8.00E+03,7,6.25,1,0.6,1000
2000000,water,49.6,32.72,22.4132,31.647,6.85E+02,1.00E+02,8.00E+03,7,6.25,1,0.6,1000
2000000,water,49.6,9.41,6.44585,17.42183333,6.85E+02,2.00E+02,8.00E+03,7,6.25,1,0.6,1000
2000000,water,49.6,5.57,3.81545,10.956575,6.85E+02,3.00E+02,8.00E+03,7,6.25,1,0.6,1000
2000000,water,49.6,3.52,2.4112,7.421975,6.85E+02,4.00E+02,8.00E+03,7,6.25,1,0.6,1000
